,Last Changes Made:,,,,,06/22/2025 @ 7:06:32 PM,,,
,Bill,,Description,Withdrawl Date,Due Date,Minimum Due,Notes,Check Balance,Checking Balance
,,,,,,,,,
,Start of 2024,,,,,,,,
,,,,,,,,,
,Income: Paycheck,,,Fri Jan 12 2024 01:00:00 GMT-0500 (Eastern Standard Time),,1366.02,,1366.02,1400.2700000000002
,Groceries,,,,,-309.83,N/A,1056.19,1090.4400000000003
,Cigarettes,,,,,-61.92999999999999,N/A,994.2600000000001,1028.5100000000002
,Gas,,,,,0,N/A,994.2600000000001,1028.5100000000002
,Entertainment,,,,,-46.980000000000004,N/A,947.2800000000001,981.5300000000002
,Medical,,,,,0,N/A,947.2800000000001,981.5300000000002
,Vehicle,,,,,0,N/A,947.2800000000001,981.5300000000002
,Maintenance,,,,,0,N/A,947.2800000000001,981.5300000000002
,Debt,,,,,0,N/A,947.2800000000001,981.5300000000002
,Holiday Gifts,,,,,0,N/A,947.2800000000001,981.5300000000002
,Haircut,,,,,0,N/A,947.2800000000001,981.5300000000002
,Subscription - Video,,,,,-15.04,N/A,932.2400000000001,966.4900000000002
,Subscription - Game,,,,,0,N/A,932.2400000000001,966.4900000000002
,US Cellular,true,,Fri Jan 12 2024 01:00:00 GMT-0500 (Eastern Standard Time),,-155.45,Paid,776.7900000000002,811.0400000000002
,Debt,true,MDG,Fri Jan 12 2024 01:00:00 GMT-0500 (Eastern Standard Time),,-48.47,Paid,728.3200000000002,762.5700000000002
,Above Lending,true,,Mon Jan 15 2024 01:00:00 GMT-0500 (Eastern Standard Time),,-86.95,Paid,641.3700000000001,675.6200000000001
,Credit Cards,true,Amazon,Mon Jan 15 2024 01:00:00 GMT-0500 (Eastern Standard Time),,-50,Paid,591.3700000000001,625.6200000000001
,Car Payment,true,,Mon Jan 15 2024 01:00:00 GMT-0500 (Eastern Standard Time),,-298.96,Paid,292.41000000000014,326.66000000000014
,Credit Cards,true,Mission Lane,Tue Jan 16 2024 01:00:00 GMT-0500 (Eastern Standard Time),,-50,Paid,242.41000000000014,276.66000000000014
,Planet Fitness,true,,Wed Jan 17 2024 01:00:00 GMT-0500 (Eastern Standard Time),,-10,Paid,232.41000000000014,266.66000000000014
,Subscription - Game,true,XBox Game Pass,Thu Jan 25 2024 01:00:00 GMT-0500 (Eastern Standard Time),,-17.84,Paid,214.57000000000014,248.82000000000014
,01/12/2024 - 01/25/2024,,,,,,Extra Money Left Over :,,248.82000000000014
,Income: Paycheck,,,Fri Jan 26 2024 01:00:00 GMT-0500 (Eastern Standard Time),,1693.06,,1693.06,1941.88
,Groceries,,,,,-251.76,N/A,1441.3,1690.1200000000001
,Cigarettes,,,,,-45.79,N/A,1395.51,1644.3300000000002
,Gas,,,,,-31.17,N/A,1364.34,1613.16
,Entertainment,,,,,-25,N/A,1339.34,1588.16
,Medical,,,,,0,N/A,1339.34,1588.16
,Vehicle,,,,,0,N/A,1339.34,1588.16
,Maintenance,,,,,0,N/A,1339.34,1588.16
,Debt,,,,,0,N/A,1339.34,1588.16
,Holiday Gifts,,,,,0,N/A,1339.34,1588.16
,Haircut,,,,,0,N/A,1339.34,1588.16
,Subscription - Video,,,,,-8.39,N/A,1330.9499999999998,1579.77
,Subscription - Game,,,,,-14.99,N/A,1315.9599999999998,1564.78
,Debt,true,MDG,Fri Jan 26 2024 01:00:00 GMT-0500 (Eastern Standard Time),,-48.47,Paid,1267.4899999999998,1516.31
,XFinity,true,,Fri Jan 26 2024 01:00:00 GMT-0500 (Eastern Standard Time),,-80.75,Paid,1186.7399999999998,1435.56
,Renter's Insurance,true,,Fri Jan 26 2024 01:00:00 GMT-0500 (Eastern Standard Time),,-14.59,Paid,1172.1499999999999,1420.97
,Car Insurance,true,,Fri Jan 26 2024 01:00:00 GMT-0500 (Eastern Standard Time),,-81.46,Paid,1090.6899999999998,1339.51
,MPU (Electric Bill),true,,Fri Jan 26 2024 01:00:00 GMT-0500 (Eastern Standard Time),,-78.02,Paid,1012.6699999999998,1261.49
,Above Lending,true,,Fri Jan 26 2024 01:00:00 GMT-0500 (Eastern Standard Time),,-86.95,Paid,925.7199999999998,1174.54
,WPS (Gas Bill),true,,Fri Jan 26 2024 01:00:00 GMT-0500 (Eastern Standard Time),,-50.7,Paid,875.0199999999998,1123.84
,Rent,true,,Sat Jan 27 2024 01:00:00 GMT-0500 (Eastern Standard Time),,-925.76,Paid,-50.74000000000024,198.07999999999993
,01/26/2024 - 02/08/2024,,,,,,Extra Money Left Over :,,198.07999999999993
,Income: Paycheck,,,Fri Feb 09 2024 01:00:00 GMT-0500 (Eastern Standard Time),,1575.99,,1575.99,1774.07
,Groceries,,,,,-274,N/A,1301.99,1500.07
,Cigarettes,,,,,-44.26,N/A,1257.73,1455.81
,Gas,,,,,0,N/A,1257.73,1455.81
,Entertainment,,,,,-10,N/A,1247.73,1445.81
,Medical,,,,,0,N/A,1247.73,1445.81
,Vehicle,,,,,0,N/A,1247.73,1445.81
,Maintenance,,,,,0,N/A,1247.73,1445.81
,Debt,,,,,-732.96,N/A,514.77,712.8499999999999
,Holiday Gifts,,,,,0,N/A,514.77,712.8499999999999
,Haircut,,,,,0,N/A,514.77,712.8499999999999
,Subscription - Video,,,,,-15.04,N/A,499.72999999999996,697.81
,Subscription - Game,,,,,0,N/A,499.72999999999996,697.81
,Credit Cards,,,,,-308.46,N/A,191.26999999999998,389.34999999999997
,Debt,false,MDG,Fri Feb 09 2024 01:00:00 GMT-0500 (Eastern Standard Time),,-48.47,Pending,142.79999999999998,340.88
,US Cellular,true,,Sat Feb 10 2024 01:00:00 GMT-0500 (Eastern Standard Time),,-155.45,Paid,-12.650000000000006,185.43
,Above Lending,true,,Mon Feb 12 2024 01:00:00 GMT-0500 (Eastern Standard Time),,-86.95,Paid,-99.60000000000001,98.48
,Credit Cards,true,Amazon,Mon Feb 12 2024 01:00:00 GMT-0500 (Eastern Standard Time),,-50,Paid,-149.60000000000002,48.480000000000004
,Credit Cards,true,Mission Lane,Mon Feb 12 2024 01:00:00 GMT-0500 (Eastern Standard Time),,-50,Paid,-199.60000000000002,-1.519999999999996
,Car Payment,true,,Tue Feb 13 2024 01:00:00 GMT-0500 (Eastern Standard Time),,-298.96,Paid,-498.56,-300.47999999999996
,WPS (Gas Bill),true,,Tue Feb 13 2024 01:00:00 GMT-0500 (Eastern Standard Time),,-68.51,Paid,-567.07,-368.98999999999995
,Income: Tax Return,true,,Wed Feb 14 2024 01:00:00 GMT-0500 (Eastern Standard Time),,707,Paid,139.92999999999995,338.01000000000005
,Planet Fitness,true,,Sat Feb 17 2024 01:00:00 GMT-0500 (Eastern Standard Time),,-10,Paid,129.92999999999995,328.01000000000005
,02/09/2024 - 02/22/2024,,,,,,Extra Money Left Over :,,328.01000000000005
,Income: Paycheck,,,Fri Feb 23 2024 01:00:00 GMT-0500 (Eastern Standard Time),,1710.37,,1710.37,2038.3799999999999
,Income: Lottery,,$500 Lottery Win,,,500,N/A,2210.37,2538.38
,Groceries,,,,,-189.05,N/A,2021.32,2349.33
,Cigarettes,,,,,-68.77,N/A,1952.55,2280.56
,Gas,,,,,-20.49,N/A,1932.06,2260.07
,Entertainment,,,,,-42.5,N/A,1889.56,2217.57
,Medical,,,,,-30.96,N/A,1858.6,2186.61
,Vehicle,,,,,-24,N/A,1834.6,2162.61
,Maintenance,,,,,0,N/A,1834.6,2162.61
,Debt,,,,,0.05,N/A,1834.6499999999999,2162.6600000000003
,Holiday Gifts,,,,,0,N/A,1834.6499999999999,2162.6600000000003
,Haircut,,,,,-31.21,N/A,1803.4399999999998,2131.4500000000003
,Subscription - Video,,,,,-10.49,N/A,1792.9499999999998,2120.9600000000005
,Subscription - Game,,,,,-35.93,N/A,1757.0199999999998,2085.0300000000007
,Debt,true,MDG,Fri Feb 23 2024 01:00:00 GMT-0500 (Eastern Standard Time),,-48.47,Paid,1708.5499999999997,2036.5600000000006
,Above Lending,true,,Mon Feb 26 2024 01:00:00 GMT-0500 (Eastern Standard Time),,-86.95,Paid,1621.5999999999997,1949.6100000000006
,XFinity,true,,Fri Mar 01 2024 01:00:00 GMT-0500 (Eastern Standard Time),,-80.75,Paid,1540.8499999999997,1868.8600000000006
,Rent,true,,Fri Mar 01 2024 01:00:00 GMT-0500 (Eastern Standard Time),,-946.21,Paid,594.6399999999996,922.6500000000005
,MPU (Electric Bill),true,,Fri Mar 01 2024 01:00:00 GMT-0500 (Eastern Standard Time),,-67.2,Paid,527.4399999999996,855.4500000000005
,Renter's Insurance,true,,Fri Mar 01 2024 01:00:00 GMT-0500 (Eastern Standard Time),,-14.59,Paid,512.8499999999996,840.8600000000005
,Car Insurance,true,,Fri Mar 01 2024 01:00:00 GMT-0500 (Eastern Standard Time),,-81.46,Paid,431.3899999999996,759.4000000000004
,Credit Cards,true,Mission Lane,Tue Mar 05 2024 01:00:00 GMT-0500 (Eastern Standard Time),,-73.49,Paid,357.8999999999996,685.9100000000004
,02/23/2024 - 03/07/2024,,,,,,Extra Money Left Over :,,685.9100000000004
,Income: Paycheck,,,Fri Mar 08 2024 01:00:00 GMT-0500 (Eastern Standard Time),,1540.15,,1540.15,2226.0600000000004
,Groceries,,,,,-244.91,N/A,1295.24,1981.1500000000003
,Cigarettes,,,,,-76.27,N/A,1218.97,1904.8800000000003
,Gas,,,,,-38.51,N/A,1180.46,1866.3700000000003
,Entertainment,,,,,0,N/A,1180.46,1866.3700000000003
,Medical,,,,,0,N/A,1180.46,1866.3700000000003
,Vehicle,,,,,-11,N/A,1169.46,1855.3700000000003
,Maintenance,,,,,-271.44,N/A,898.02,1583.9300000000003
,Debt,,,,,0,N/A,898.02,1583.9300000000003
,Holiday Gifts,,,,,0,N/A,898.02,1583.9300000000003
,Haircut,,,,,0,N/A,898.02,1583.9300000000003
,Subscription - Video,,,,,-15.04,N/A,882.98,1568.8900000000003
,Subscription - Game,,,,,0,N/A,882.98,1568.8900000000003
,Debt,true,MDG,Fri Mar 08 2024 01:00:00 GMT-0500 (Eastern Standard Time),,-48.47,Paid,834.51,1520.4200000000003
,Car Payment,true,Nothing This Month,Fri Mar 08 2024 01:00:00 GMT-0500 (Eastern Standard Time),,0,Paid,834.51,1520.4200000000003
,Credit Cards,true,Amazon,Fri Mar 08 2024 01:00:00 GMT-0500 (Eastern Standard Time),,0,Paid,834.51,1520.4200000000003
,Credit Cards,true,Mission Lane,Fri Mar 08 2024 01:00:00 GMT-0500 (Eastern Standard Time),,0,Paid,834.51,1520.4200000000003
,US Cellular,true,,Sat Mar 09 2024 01:00:00 GMT-0500 (Eastern Standard Time),,-73.85,Paid,760.66,1446.5700000000004
,Above Lending,true,,Mon Mar 11 2024 01:00:00 GMT-0400 (Eastern Daylight Time),,-86.95,Paid,673.7099999999999,1359.6200000000003
,WPS (Gas Bill),true,,Mon Mar 11 2024 01:00:00 GMT-0400 (Eastern Daylight Time),,-68,Paid,605.7099999999999,1291.6200000000003
,Planet Fitness,true,,Sun Mar 17 2024 01:00:00 GMT-0400 (Eastern Daylight Time),,-10,Paid,595.7099999999999,1281.6200000000003
,03/08/2024 - 03/21/2024,,,,,,Extra Money Left Over :,,1281.6200000000003
,Income: Paycheck,,,Fri Mar 22 2024 01:00:00 GMT-0400 (Eastern Daylight Time),,1491.74,,1491.74,2773.3600000000006
,Groceries,,,,,-196.32,N/A,1295.42,2577.0400000000004
,Cigarettes,,,,,-26.24,N/A,1269.18,2550.8000000000006
,Gas,,,,,0,N/A,1269.18,2550.8000000000006
,Entertainment,,,,,-1244.33,N/A,24.850000000000136,1306.4700000000007
,Medical,,,,,0,N/A,24.850000000000136,1306.4700000000007
,Vehicle,,,,,0,N/A,24.850000000000136,1306.4700000000007
,Maintenance,,,,,0,N/A,24.850000000000136,1306.4700000000007
,Debt,,,,,0.05,N/A,24.900000000000137,1306.5200000000007
,Holiday Gifts,,,,,0,N/A,24.900000000000137,1306.5200000000007
,Haircut,,,,,0,N/A,24.900000000000137,1306.5200000000007
,Subscription - Video,,,,,0,N/A,24.900000000000137,1306.5200000000007
,Subscription - Game,,,,,-10.49,N/A,14.410000000000137,1296.0300000000007
,Debt,true,MDG,Fri Mar 22 2024 01:00:00 GMT-0400 (Eastern Daylight Time),,-48.47,Paid,-34.05999999999986,1247.5600000000006
,XFinity,true,,Sun Mar 24 2024 01:00:00 GMT-0400 (Eastern Daylight Time),,-80.75,Paid,-114.80999999999986,1166.8100000000006
,MPU (Electric Bill),true,,Sun Mar 24 2024 01:00:00 GMT-0400 (Eastern Daylight Time),,-61.63,Paid,-176.43999999999986,1105.1800000000005
,Above Lending,true,,Mon Mar 25 2024 01:00:00 GMT-0400 (Eastern Daylight Time),,-86.95,Paid,-263.3899999999999,1018.2300000000005
,03/22/2024 - 04/04/2024,,,,,,Extra Money Left Over :,,1018.2300000000005
,Income: Paycheck,,,Fri Apr 05 2024 01:00:00 GMT-0400 (Eastern Daylight Time),,1963.92,,1963.92,2982.1500000000005
,Groceries,,,,,-118.69,N/A,1845.23,2863.4600000000005
,Cigarettes,,,,,-20.24,N/A,1824.99,2843.2200000000007
,Gas,,,,,-29.32,N/A,1795.67,2813.9000000000005
,Entertainment,,,,,-160.99,N/A,1634.68,2652.9100000000008
,Medical,,,,,-65,N/A,1569.68,2587.9100000000008
,Vehicle,,,,,0,N/A,1569.68,2587.9100000000008
,Maintenance,,,,,0,N/A,1569.68,2587.9100000000008
,Debt,,,,,0,N/A,1569.68,2587.9100000000008
,Holiday Gifts,,,,,0,N/A,1569.68,2587.9100000000008
,Haircut,,,,,-27.02,N/A,1542.66,2560.890000000001
,Subscription - Video,,,,,-25.03,N/A,1517.63,2535.8600000000006
,Subscription - Game,,,,,0,N/A,1517.63,2535.8600000000006
,Debt,true,MDG,Fri Apr 05 2024 01:00:00 GMT-0400 (Eastern Daylight Time),,-48.47,Paid,1469.16,2487.390000000001
,Rent,true,April Rent,Fri Apr 05 2024 01:00:00 GMT-0400 (Eastern Daylight Time),,-929.32,Paid,539.84,1558.0700000000006
,Above Lending,true,,Mon Apr 08 2024 01:00:00 GMT-0400 (Eastern Daylight Time),,-86.95,Paid,452.89000000000004,1471.1200000000006
,Car Insurance,true,,Mon Apr 08 2024 01:00:00 GMT-0400 (Eastern Daylight Time),,-89.56,Paid,363.33000000000004,1381.5600000000006
,Renter's Insurance,true,,Mon Apr 08 2024 01:00:00 GMT-0400 (Eastern Daylight Time),,-14.59,Paid,348.74000000000007,1366.9700000000007
,Car Payment,true,Double Payment,Mon Apr 08 2024 01:00:00 GMT-0400 (Eastern Daylight Time),,-1062,Paid,-713.26,304.9700000000007
,US Cellular,true,,Fri Apr 12 2024 01:00:00 GMT-0400 (Eastern Daylight Time),,-78.93,Paid,-792.19,226.0400000000007
,WPS (Gas Bill),true,,Mon Apr 15 2024 01:00:00 GMT-0400 (Eastern Daylight Time),,-68,Paid,-860.19,158.0400000000007
,Credit Cards,true,Amazon,Mon Apr 15 2024 01:00:00 GMT-0400 (Eastern Daylight Time),,-29,Paid,-889.19,129.0400000000007
,Credit Cards,true,Mission Lane,Mon Apr 15 2024 01:00:00 GMT-0400 (Eastern Daylight Time),,-25,Paid,-914.19,104.0400000000007
,Planet Fitness,true,,Wed Apr 17 2024 01:00:00 GMT-0400 (Eastern Daylight Time),,-10,Paid,-924.19,94.0400000000007
,04/05/2024 - 04/18/2024,,,,,,Extra Money Left Over :,,94.0400000000007
,Income: Paycheck,,,Fri Apr 19 2024 01:00:00 GMT-0400 (Eastern Daylight Time),,1401.39,,1401.39,1495.4300000000007
,Groceries,,,,,-379.56999999999994,N/A,1021.8200000000002,1115.8600000000008
,Cigarettes,,,,,-74.09,N/A,947.7300000000001,1041.770000000001
,Gas,,,,,-45.47,N/A,902.2600000000001,996.3000000000009
,Entertainment,,,,,-175.44,N/A,726.8200000000002,820.8600000000008
,Medical,,,,,0,N/A,726.8200000000002,820.8600000000008
,Vehicle,,,,,-12,N/A,714.8200000000002,808.8600000000008
,Maintenance,,,,,-70.64,N/A,644.1800000000002,738.2200000000008
,Debt,,,,,0,N/A,644.1800000000002,738.2200000000008
,Holiday Gifts,,,,,0,N/A,644.1800000000002,738.2200000000008
,Haircut,,,,,0,N/A,644.1800000000002,738.2200000000008
,Subscription - Video,,,,,-10.49,N/A,633.6900000000002,727.7300000000008
,Subscription - Game,,,,,0,N/A,633.6900000000002,727.7300000000008
,Debt,true,MDG,Fri Apr 19 2024 01:00:00 GMT-0400 (Eastern Daylight Time),,-48.47,Paid,585.2200000000001,679.2600000000008
,XFinity,true,,Sat Apr 20 2024 01:00:00 GMT-0400 (Eastern Daylight Time),,-80.75,Paid,504.47000000000014,598.5100000000008
,MPU (Electric Bill),true,,Sat Apr 20 2024 01:00:00 GMT-0400 (Eastern Daylight Time),,-66.09,Paid,438.3800000000001,532.4200000000008
,Renter's Insurance,true,,Sat Apr 20 2024 01:00:00 GMT-0400 (Eastern Daylight Time),,-14.59,Paid,423.79000000000013,517.8300000000007
,Car Insurance,true,,Sat Apr 20 2024 01:00:00 GMT-0400 (Eastern Daylight Time),,-89.57,Paid,334.22000000000014,428.26000000000073
,Credit Cards,true,Amazon,Mon Apr 22 2024 01:00:00 GMT-0400 (Eastern Daylight Time),,-50,Paid,284.22000000000014,378.26000000000073
,Credit Cards,true,Mission Lane,Mon Apr 22 2024 01:00:00 GMT-0400 (Eastern Daylight Time),,-50,Paid,234.22000000000014,328.26000000000073
,Above Lending,true,,Mon Apr 22 2024 01:00:00 GMT-0400 (Eastern Daylight Time),,-86.95,Paid,147.27000000000015,241.31000000000074
,04/19/2024 - 05/02/2024,,,,,,Extra Money Left Over :,,241.31000000000074
,Income: Paycheck,,,Fri May 03 2024 01:00:00 GMT-0400 (Eastern Daylight Time),,1320.21,,1320.21,1561.520000000001
,Groceries,,,,,-173.46999999999997,N/A,1146.74,1388.0500000000009
,Cigarettes,,,,,-71.15,N/A,1075.59,1316.9000000000008
,Gas,,,,,-47.17,N/A,1028.4199999999998,1269.7300000000007
,Entertainment,,,,,-84.44,N/A,943.9799999999998,1185.2900000000006
,Medical,,,,,0,N/A,943.9799999999998,1185.2900000000006
,Vehicle,,,,,0,N/A,943.9799999999998,1185.2900000000006
,Maintenance,,,,,-19.990000000000002,N/A,923.9899999999998,1165.3000000000006
,Debt,,,,,0,N/A,923.9899999999998,1165.3000000000006
,Holiday Gifts,,,,,0,N/A,923.9899999999998,1165.3000000000006
,Haircut,,,,,0,N/A,923.9899999999998,1165.3000000000006
,Subscription - Video,,,,,0,N/A,923.9899999999998,1165.3000000000006
,Subscription - Game,,,,,0,N/A,923.9899999999998,1165.3000000000006
,Rent,true,,Fri May 03 2024 01:00:00 GMT-0400 (Eastern Daylight Time),,-937.55,Paid,-13.560000000000173,227.75000000000068
,Debt,true,MDG,Fri May 03 2024 01:00:00 GMT-0400 (Eastern Daylight Time),,-48.47,Paid,-62.03000000000017,179.28000000000068
,Subscription - Video,true,Amazon Prime,Sun May 12 2024 01:00:00 GMT-0400 (Eastern Daylight Time),,-15.04,Paid,-77.07000000000016,164.2400000000007
,Above Lending,true,,Fri May 03 2024 01:00:00 GMT-0400 (Eastern Daylight Time),,-86.95,Paid,-164.02000000000015,77.29000000000069
,05/03/2024 - 05/16/2024,,,,,,Extra Money Left Over :,,77.29000000000069
,Income: Paycheck,,,Fri May 17 2024 01:00:00 GMT-0400 (Eastern Daylight Time),,1453.95,,1453.95,1531.2400000000007
,Groceries,,,,,-155.34999999999997,N/A,1298.6000000000001,1375.8900000000008
,Cigarettes,,,,,-54.370000000000005,N/A,1244.23,1321.520000000001
,Gas,,,,,0,N/A,1244.23,1321.520000000001
,Entertainment,,,,,-33.879999999999995,N/A,1210.35,1287.6400000000008
,Medical,,,,,-3.55,N/A,1206.8,1284.0900000000008
,Vehicle,,,,,-24,N/A,1182.8,1260.0900000000008
,Maintenance,,,,,0,N/A,1182.8,1260.0900000000008
,Debt,,,,,-84.68,N/A,1098.12,1175.4100000000008
,Holiday Gifts,,,,,0,N/A,1098.12,1175.4100000000008
,Haircut,,,,,0,N/A,1098.12,1175.4100000000008
,Subscription - Video,,,,,0,N/A,1098.12,1175.4100000000008
,Subscription - Game,,,,,0,N/A,1098.12,1175.4100000000008
,Debt,true,MDG,Fri May 17 2024 01:00:00 GMT-0400 (Eastern Daylight Time),,-48.47,Paid,1049.6499999999999,1126.9400000000007
,Planet Fitness,true,,Fri May 17 2024 01:00:00 GMT-0400 (Eastern Daylight Time),,-10,Paid,1039.6499999999999,1116.9400000000007
,Above Lending,true,,Mon May 20 2024 01:00:00 GMT-0400 (Eastern Daylight Time),,-86.95,Paid,952.6999999999998,1029.9900000000007
,US Cellular,true,,Wed May 22 2024 01:00:00 GMT-0400 (Eastern Daylight Time),,-49.18,Paid,903.5199999999999,980.8100000000007
,Car Payment,true,Due Date: 06/08/2024,Thu May 23 2024 01:00:00 GMT-0400 (Eastern Daylight Time),,-531,Paid,372.51999999999987,449.81000000000074
,Credit Cards,true,Amazon,Thu May 23 2024 01:00:00 GMT-0400 (Eastern Daylight Time),,-50,Paid,322.51999999999987,399.81000000000074
,Credit Cards,true,Mission Lane,Thu May 23 2024 01:00:00 GMT-0400 (Eastern Daylight Time),,-50,Paid,272.51999999999987,349.81000000000074
,WPS (Gas Bill),true,,Thu May 23 2024 01:00:00 GMT-0400 (Eastern Daylight Time),,-47,Paid,225.51999999999987,302.81000000000074
,Subscription - Video,true,Crunchyroll,Fri May 24 2024 01:00:00 GMT-0400 (Eastern Daylight Time),,-10.49,Paid,215.02999999999986,292.32000000000073
,05/17/2024 - 05/30/2024,,,,,,Extra Money Left Over :,,292.32000000000073
,Income: Paycheck,,,Fri May 31 2024 01:00:00 GMT-0400 (Eastern Daylight Time),,1339.09,,1339.09,1631.4100000000008
,Groceries,,,,,-53.03,N/A,1286.06,1578.3800000000008
,Cigarettes,,,,,-25.61,N/A,1260.45,1552.770000000001
,Gas,,,,,-33.46,N/A,1226.99,1519.3100000000009
,Entertainment,,,,,-32.28,N/A,1194.71,1487.0300000000009
,Medical,,,,,0,N/A,1194.71,1487.0300000000009
,Vehicle,,,,,-12.6,N/A,1182.1100000000001,1474.430000000001
,Maintenance,,,,,-20,N/A,1162.1100000000001,1454.430000000001
,Debt,,,,,0,N/A,1162.1100000000001,1454.430000000001
,Holiday Gifts,,,,,0,N/A,1162.1100000000001,1454.430000000001
,Haircut,,,,,0,N/A,1162.1100000000001,1454.430000000001
,Subscription - Video,,,,,0,N/A,1162.1100000000001,1454.430000000001
,Subscription - Game,,,,,0,N/A,1162.1100000000001,1454.430000000001
,Rent,true,Due Date: 06/01/2024,Fri May 31 2024 01:00:00 GMT-0400 (Eastern Daylight Time),,-958.16,Paid,203.95000000000016,496.270000000001
,Credit Cards,true,Amazon,Fri May 31 2024 01:00:00 GMT-0400 (Eastern Daylight Time),,-37,Paid,166.95000000000016,459.270000000001
,Credit Cards,true,Mission Lane,Fri May 31 2024 01:00:00 GMT-0400 (Eastern Daylight Time),,-29.52,Paid,137.43000000000015,429.750000000001
,Debt,true,MDG,Fri May 31 2024 01:00:00 GMT-0400 (Eastern Daylight Time),,-48.47,Paid,88.96000000000015,381.280000000001
,XFinity,true,,Sun Jun 02 2024 01:00:00 GMT-0400 (Eastern Daylight Time),,-80.75,Paid,8.21000000000015,300.530000000001
,Above Lending,true,,Mon Jun 03 2024 01:00:00 GMT-0400 (Eastern Daylight Time),,-86.95,Paid,-78.73999999999985,213.580000000001
,MPU (Electric Bill),true,,Mon Jun 03 2024 01:00:00 GMT-0400 (Eastern Daylight Time),,-71.33,Paid,-150.06999999999985,142.25000000000102
,Maintenance,true,GitHub,Mon Jun 03 2024 01:00:00 GMT-0400 (Eastern Daylight Time),,-10,Paid,-160.06999999999985,132.25000000000102
,Car Insurance,true,,Sat Jun 08 2024 01:00:00 GMT-0400 (Eastern Daylight Time),,-102.35,Paid,-262.41999999999985,29.90000000000103
,Renter's Insurance,true,,Sat Jun 08 2024 01:00:00 GMT-0400 (Eastern Daylight Time),,-14.59,Paid,-277.0099999999998,15.310000000001029
,05/31/2024 - 06/13/2024,,,,,,Extra Money Left Over :,,8.71000000000103
,Income: Paycheck,,,Fri Jun 14 2024 01:00:00 GMT-0400 (Eastern Daylight Time),,1424.89,,1424.89,1433.600000000001
,Groceries,,,,,-209.71999999999997,N/A,1215.17,1223.880000000001
,Cigarettes,,,,,-30.09,N/A,1185.0800000000002,1193.790000000001
,Gas,,,,,-23.74,N/A,1161.3400000000001,1170.050000000001
,Entertainment,,,,,-22.5,N/A,1138.8400000000001,1147.550000000001
,Medical,,,,,-6.36,N/A,1132.4800000000002,1141.1900000000012
,Vehicle,,,,,-10,N/A,1122.4800000000002,1131.1900000000012
,Maintenance,,,,,-9.99,N/A,1112.4900000000002,1121.2000000000012
,Debt,,,,,0,N/A,1112.4900000000002,1121.2000000000012
,Holiday Gifts,,,,,0,N/A,1112.4900000000002,1121.2000000000012
,Haircut,,,,,0,N/A,1112.4900000000002,1121.2000000000012
,Subscription - Video,,,,,0,N/A,1112.4900000000002,1121.2000000000012
,Subscription - Game,,,,,0,N/A,1112.4900000000002,1121.2000000000012
,Debt,true,MDG,Sun Jun 16 2024 01:00:00 GMT-0400 (Eastern Daylight Time),,-48.47,Paid,1064.0200000000002,1072.7300000000012
,US Cellular,true,,Sun Jun 16 2024 01:00:00 GMT-0400 (Eastern Daylight Time),,-59.59,Paid,1004.4300000000002,1013.1400000000011
,Planet Fitness,true,,Mon Jun 17 2024 01:00:00 GMT-0400 (Eastern Daylight Time),,-10,Paid,994.4300000000002,1003.1400000000011
,Car Payment,true,Due Date: 07/08/2024,Tue Jun 18 2024 01:00:00 GMT-0400 (Eastern Daylight Time),,-531,Paid,463.4300000000002,472.1400000000011
,Credit Cards,true,Amazon,Tue Jun 18 2024 01:00:00 GMT-0400 (Eastern Daylight Time),,-50,Paid,413.4300000000002,422.1400000000011
,Credit Cards,true,Mission Lane,Tue Jun 18 2024 01:00:00 GMT-0400 (Eastern Daylight Time),,-50,Paid,363.4300000000002,372.1400000000011
,Above Lending,true,,Tue Jun 18 2024 01:00:00 GMT-0400 (Eastern Daylight Time),,-86.95,Paid,276.4800000000002,285.19000000000113
,WPS (Gas Bill),true,,Tue Jun 18 2024 01:00:00 GMT-0400 (Eastern Daylight Time),,-47,Paid,229.4800000000002,238.19000000000113
,Subscription - Video,true,Crunchyroll,Mon Jun 24 2024 01:00:00 GMT-0400 (Eastern Daylight Time),,-12.59,Paid,216.89000000000019,225.60000000000113
,06/14/2024 - 06/27/2024,,,,,,Extra Money Left Over :,,225.60000000000113
,Income: Paycheck,,,Fri Jun 28 2024 01:00:00 GMT-0400 (Eastern Daylight Time),,1254.3,,1254.3,1479.900000000001
,Groceries,,,,,-88.18,N/A,1166.12,1391.720000000001
,Cigarettes,,,,,-71.27,N/A,1094.85,1320.450000000001
,Gas,,,,,0,N/A,1094.85,1320.450000000001
,Entertainment,,,,,0,N/A,1094.85,1320.450000000001
,Medical,,,,,-65,N/A,1029.85,1255.450000000001
,Vehicle,,,,,0,N/A,1029.85,1255.450000000001
,Maintenance,,,,,-10,N/A,1019.8499999999999,1245.450000000001
,Debt,,,,,0,N/A,1019.8499999999999,1245.450000000001
,Holiday Gifts,,,,,0,N/A,1019.8499999999999,1245.450000000001
,Haircut,,,,,0,N/A,1019.8499999999999,1245.450000000001
,Subscription - Video,,,,,0,N/A,1019.8499999999999,1245.450000000001
,Subscription - Game,,,,,0,N/A,1019.8499999999999,1245.450000000001
,Rent,true,Due Date: 07/01/2024,Fri Jun 28 2024 01:00:00 GMT-0400 (Eastern Daylight Time),,-966.25,Paid,53.59999999999991,279.20000000000095
,Debt,true,MDG,Fri Jun 28 2024 01:00:00 GMT-0400 (Eastern Daylight Time),,-48.47,Paid,5.12999999999991,230.73000000000096
,Above Lending,true,,Mon Jul 01 2024 01:00:00 GMT-0400 (Eastern Daylight Time),,-86.95,Paid,-81.82000000000009,143.78000000000094
,XFinity,true,,Tue Jul 02 2024 01:00:00 GMT-0400 (Eastern Daylight Time),,-80.75,Paid,-162.5700000000001,63.03000000000094
,Maintenance,true,Nexus,Wed Jul 03 2024 01:00:00 GMT-0400 (Eastern Daylight Time),,-9.21,Paid,-171.78000000000011,53.82000000000094
,Renter's Insurance,true,,Mon Jul 08 2024 01:00:00 GMT-0400 (Eastern Daylight Time),,-14.59,Paid,-186.37000000000012,39.23000000000094
,06/28/2024 - 07/11/2024,,,,,,Extra Money Left Over :,,39.23000000000094
,Income: Paycheck,,,Fri Jul 12 2024 01:00:00 GMT-0400 (Eastern Daylight Time),,1093.41,,1093.41,1132.640000000001
,Groceries,,,,,-351.88,N/A,741.5300000000001,780.760000000001
,Cigarettes,,,,,-43.96,N/A,697.57,736.800000000001
,Gas,,,,,0,N/A,697.57,736.800000000001
,Entertainment,,,,,0,N/A,697.57,736.800000000001
,Medical,,,,,-84.68,N/A,612.8900000000001,652.120000000001
,Vehicle,,,,,0,N/A,612.8900000000001,652.120000000001
,Maintenance,,,,,-44.59,N/A,568.3000000000001,607.530000000001
,Debt,,,,,0,N/A,568.3000000000001,607.530000000001
,Holiday Gifts,,,,,0,N/A,568.3000000000001,607.530000000001
,Haircut,,,,,0,N/A,568.3000000000001,607.530000000001
,Subscription - Video,,,,,0,N/A,568.3000000000001,607.530000000001
,Subscription - Game,,,,,0,N/A,568.3000000000001,607.530000000001
,Debt,true,MDG,Fri Jul 12 2024 01:00:00 GMT-0400 (Eastern Daylight Time),,-48.47,Paid,519.83,559.060000000001
,Subscription - Video,true,Amazon Prime,Fri Jul 12 2024 01:00:00 GMT-0400 (Eastern Daylight Time),,-15.04,Paid,504.79,544.020000000001
,Above Lending,true,,Mon Jul 15 2024 01:00:00 GMT-0400 (Eastern Daylight Time),,-86.95,Paid,417.84000000000003,457.070000000001
,Car Insurance,true,,Wed Jul 17 2024 01:00:00 GMT-0400 (Eastern Daylight Time),,-107.4,Paid,310.44000000000005,349.670000000001
,Planet Fitness,true,,Wed Jul 17 2024 01:00:00 GMT-0400 (Eastern Daylight Time),,-10,Paid,300.44000000000005,339.670000000001
,Subscription - Video,true,Crunchyroll,Wed Jul 24 2024 01:00:00 GMT-0400 (Eastern Daylight Time),,-12.59,Paid,287.8500000000001,327.080000000001
,07/12/2024 - 07/25/2024,,,,,,Extra Money Left Over :,,327.080000000001
,Income: Paycheck,,,Fri Jul 26 2024 01:00:00 GMT-0400 (Eastern Daylight Time),,1512.12,,1512.12,1839.200000000001
,Groceries,,,,,-9.3,N/A,1502.82,1829.900000000001
,Cigarettes,,,,,-49.32,N/A,1453.5,1780.580000000001
,Gas,,,,,0,N/A,1453.5,1780.580000000001
,Entertainment,,,,,-9.25,N/A,1444.25,1771.330000000001
,Medical,,,,,-65,N/A,1379.25,1706.330000000001
,Vehicle,,,,,0,N/A,1379.25,1706.330000000001
,Maintenance,,,,,-10,N/A,1369.25,1696.330000000001
,Debt,,,,,0,N/A,1369.25,1696.330000000001
,Holiday Gifts,,,,,0,N/A,1369.25,1696.330000000001
,Haircut,,,,,0,N/A,1369.25,1696.330000000001
,Subscription - Video,,,,,0,N/A,1369.25,1696.330000000001
,Subscription - Game,,,,,0,N/A,1369.25,1696.330000000001
,Debt,true,MDG,Fri Jul 26 2024 01:00:00 GMT-0400 (Eastern Daylight Time),,-48.47,Paid,1320.78,1647.860000000001
,US Cellular,true,,Fri Jul 26 2024 01:00:00 GMT-0400 (Eastern Daylight Time),,-59.59,Paid,1261.19,1588.2700000000011
,XFinity,true,,Sat Jul 27 2024 01:00:00 GMT-0400 (Eastern Daylight Time),,-106.75,Paid,1154.44,1481.5200000000011
,MPU (Electric Bill),true,,Sat Jul 27 2024 01:00:00 GMT-0400 (Eastern Daylight Time),,-202.34,Paid,952.1,1279.1800000000012
,Rent,true,,Mon Jul 29 2024 01:00:00 GMT-0400 (Eastern Daylight Time),,-966.54,Paid,-14.43999999999994,312.64000000000124
,Credit Cards,true,Amazon,Mon Jul 29 2024 01:00:00 GMT-0400 (Eastern Daylight Time),,-50,Paid,-64.43999999999994,262.64000000000124
,Credit Cards,true,Mission Lane,Mon Jul 29 2024 01:00:00 GMT-0400 (Eastern Daylight Time),,-50,Paid,-114.43999999999994,212.64000000000124
,Above Lending,true,,Mon Jul 29 2024 01:00:00 GMT-0400 (Eastern Daylight Time),,-86.95,Paid,-201.38999999999993,125.69000000000123
,Renter's Insurance,true,,Thu Aug 08 2024 01:00:00 GMT-0400 (Eastern Daylight Time),,-14.59,Paid,-215.97999999999993,111.10000000000123
,07/26/2024 - 08/08/2024,,,,,,Extra Money Left Over :,,111.10000000000123
,Income: Paycheck,,,Fri Aug 09 2024 01:00:00 GMT-0400 (Eastern Daylight Time),,1951.64,,1951.64,2065.84
,Groceries,,,,,-245.39,N/A,1706.25,1820.4500000000003
,Cigarettes,,,,,-38.15,N/A,1668.1,1782.3000000000002
,Gas,,,,,0,N/A,1668.1,1782.3000000000002
,Entertainment,,,,,-377.62,N/A,1290.48,1404.6800000000003
,Medical,,,,,-84.68,N/A,1205.8,1320.0000000000002
,Vehicle,,,,,-23.1,N/A,1182.7,1296.9000000000003
,Maintenance,,,,,-52.370000000000005,N/A,1130.33,1244.5300000000002
,Debt,,,,,212.52,N/A,1342.85,1457.0500000000002
,Holiday Gifts,,,,,0,N/A,1342.85,1457.0500000000002
,Haircut,,,,,-27,N/A,1315.85,1430.0500000000002
,Subscription - Video,,,,,0,N/A,1315.85,1430.0500000000002
,Subscription - Game,,,,,0,N/A,1315.85,1430.0500000000002
,Car Payment,true,Due Date: 09/08/2024,Fri Aug 09 2024 01:00:00 GMT-0400 (Eastern Daylight Time),,-471.27,Paid,844.5799999999999,958.7800000000002
,Credit Cards,true,Amazon,Fri Aug 09 2024 01:00:00 GMT-0400 (Eastern Daylight Time),,-100,Paid,744.5799999999999,858.7800000000002
,Credit Cards,true,Mission Lane,Fri Aug 09 2024 01:00:00 GMT-0400 (Eastern Daylight Time),,-100,Paid,644.5799999999999,758.7800000000002
,Car Insurance,true,,Fri Aug 09 2024 01:00:00 GMT-0400 (Eastern Daylight Time),,-107.4,Paid,537.18,651.3800000000002
,Credit Cards,true,MDG,Fri Aug 09 2024 01:00:00 GMT-0400 (Eastern Daylight Time),,-48.47,Paid,488.7099999999999,602.9100000000002
,US Cellular,true,,Sat Aug 10 2024 01:00:00 GMT-0400 (Eastern Daylight Time),,-59.61,Paid,429.0999999999999,543.3000000000002
,WPS (Gas Bill),true,,Sat Aug 10 2024 01:00:00 GMT-0400 (Eastern Daylight Time),,-94.46,Paid,334.63999999999993,448.8400000000002
,Above Lending,true,,Mon Aug 12 2024 01:00:00 GMT-0400 (Eastern Daylight Time),,-86.95,Paid,247.68999999999994,361.8900000000002
,Subscription - Video,true,Amazon Prime,Mon Aug 12 2024 01:00:00 GMT-0400 (Eastern Daylight Time),,-15.04,Paid,232.64999999999995,346.8500000000002
,Planet Fitness,true,,Sat Aug 17 2024 01:00:00 GMT-0400 (Eastern Daylight Time),,-10,Paid,222.64999999999995,336.8500000000002
,08/09/2024 - 08/22/2024,,,,,,Extra Money Left Over :,,295.86
,Income: Paycheck,,,Fri Aug 23 2024 01:00:00 GMT-0400 (Eastern Daylight Time),,1587.82,,1587.82,1883.6799999999998
,Groceries,,,,,-202.04,N/A,1385.78,1681.6399999999999
,Cigarettes,,,,,-71.97999999999999,N/A,1313.8,1609.6599999999999
,Gas,,,,,-61.71000000000001,N/A,1252.09,1547.9499999999998
,Entertainment,,,,,-61.47,N/A,1190.62,1486.4799999999998
,Medical,,,,,-65,N/A,1125.62,1421.4799999999998
,Vehicle,,,,,0,N/A,1125.62,1421.4799999999998
,Maintenance,,,,,-20,N/A,1105.62,1401.4799999999998
,Debt,,,,,0,N/A,1105.62,1401.4799999999998
,Holiday Gifts,,,,,0,N/A,1105.62,1401.4799999999998
,Haircut,,,,,0,N/A,1105.62,1401.4799999999998
,Subscription - Video,,,,,0,N/A,1105.62,1401.4799999999998
,Subscription - Game,,,,,0,N/A,1105.62,1401.4799999999998
,Rent,true,Due Date: 09/01/2024,Fri Aug 23 2024 01:00:00 GMT-0400 (Eastern Daylight Time),,-956.05,Paid,149.56999999999994,445.42999999999984
,Credit Cards,true,Amazon,Fri Aug 23 2024 01:00:00 GMT-0400 (Eastern Daylight Time),,0,Paid,149.56999999999994,445.42999999999984
,Credit Cards,true,Mission Lane,Fri Aug 23 2024 01:00:00 GMT-0400 (Eastern Daylight Time),,0,Paid,149.56999999999994,445.42999999999984
,Debt,true,MDG,Fri Aug 23 2024 01:00:00 GMT-0400 (Eastern Daylight Time),,-48.47,Paid,101.09999999999994,396.9599999999998
,Above Lending,true,,Mon Aug 26 2024 01:00:00 GMT-0400 (Eastern Daylight Time),,-86.95,Paid,14.149999999999935,310.0099999999998
,Subscription - Video,true,Crunchyroll,Sat Aug 24 2024 01:00:00 GMT-0400 (Eastern Daylight Time),,-12.59,Paid,1.5599999999999348,297.41999999999985
,XFinity,true,,Mon Sep 02 2024 01:00:00 GMT-0400 (Eastern Daylight Time),,-106.75,Paid,-105.19000000000007,190.66999999999985
,MPU (Electric Bill),true,,Tue Sep 03 2024 01:00:00 GMT-0400 (Eastern Daylight Time),,-150.39,Paid,-255.58000000000004,40.27999999999986
,08/23/2024 - 09/05/2024,,,,,,Extra Money Left Over :,,40.27999999999986
,Income: Paycheck,,,Fri Sep 06 2024 01:00:00 GMT-0400 (Eastern Daylight Time),,1360.92,,1360.92,1401.1999999999998
,Groceries,,,,,-154.92,N/A,1206,1246.2799999999997
,Cigarettes,,,,,-61.79,N/A,1144.21,1184.4899999999998
,Gas,,,,,0,N/A,1144.21,1184.4899999999998
,Entertainment,,,,,-58.24,N/A,1085.97,1126.2499999999998
,Medical,,,,,-84.68,N/A,1001.29,1041.5699999999997
,Vehicle,,,,,0,N/A,1001.29,1041.5699999999997
,Maintenance,,,,,-12.99,N/A,988.3,1028.5799999999997
,Debt,,,,,0,N/A,988.3,1028.5799999999997
,Holiday Gifts,,,,,0,N/A,988.3,1028.5799999999997
,Haircut,,,,,0,N/A,988.3,1028.5799999999997
,Subscription - Video,,,,,0,N/A,988.3,1028.5799999999997
,Subscription - Game,,,,,0,N/A,988.3,1028.5799999999997
,Debt,true,MDG,Fri Sep 06 2024 01:00:00 GMT-0400 (Eastern Daylight Time),,-48.47,Paid,939.8299999999999,980.1099999999997
,Car Insurance,true,,Sun Sep 08 2024 01:00:00 GMT-0400 (Eastern Daylight Time),,-107.4,Paid,832.43,872.7099999999997
,Renter's Insurance,true,,Sun Sep 08 2024 01:00:00 GMT-0400 (Eastern Daylight Time),,-14.59,Paid,817.8399999999999,858.1199999999997
,Above Lending,true,,Mon Sep 09 2024 01:00:00 GMT-0400 (Eastern Daylight Time),,-86.95,Paid,730.8899999999999,771.1699999999996
,Subscription - Video,true,Amazon Prime,Thu Sep 12 2024 01:00:00 GMT-0400 (Eastern Daylight Time),,-15.04,Paid,715.8499999999999,756.1299999999997
,Car Payment,true,Due Date: 9/28/2024,Mon Sep 16 2024 01:00:00 GMT-0400 (Eastern Daylight Time),,-471.27,Paid,244.57999999999993,284.8599999999997
,Credit Cards,true,Amazon,Mon Sep 16 2024 01:00:00 GMT-0400 (Eastern Daylight Time),,-50,Paid,194.57999999999993,234.85999999999967
,Credit Cards,true,Mission Lane,Mon Sep 16 2024 01:00:00 GMT-0400 (Eastern Daylight Time),,-75,Paid,119.57999999999993,159.85999999999967
,Planet Fitness,true,,Tue Sep 17 2024 01:00:00 GMT-0400 (Eastern Daylight Time),,-10,Paid,109.57999999999993,149.85999999999967
,09/06/2024 - 09/19/2024,,,,,,Extra Money Left Over :,,156.96
,Income: Paycheck,,,Fri Sep 20 2024 01:00:00 GMT-0400 (Eastern Daylight Time),,1285.32,,1285.32,1442.28
,Groceries,,,,,-311.15,N/A,974.17,1131.13
,Cigarettes,,,,,-45.07,N/A,929.0999999999999,1086.0600000000002
,Gas,,,,,-23.55,N/A,905.55,1062.5100000000002
,Entertainment,,,,,-105.77000000000001,N/A,799.78,956.7400000000002
,Medical,,,,,0,N/A,799.78,956.7400000000002
,Vehicle,,,,,-12,N/A,787.78,944.7400000000002
,Maintenance,,,,,0,N/A,787.78,944.7400000000002
,Debt,,,,,-39,N/A,748.78,905.7400000000002
,Holiday Gifts,,,,,-8,N/A,740.78,897.7400000000002
,Haircut,,,,,-27,N/A,713.78,870.7400000000002
,Subscription - Video,,,,,0,N/A,713.78,870.7400000000002
,Subscription - Game,,,,,0,N/A,713.78,870.7400000000002
,Credit Cards,true,Amazon,Fri Sep 20 2024 01:00:00 GMT-0400 (Eastern Daylight Time),,0,Paid,713.78,870.7400000000002
,Credit Cards,true,Mission Lane,Fri Sep 20 2024 01:00:00 GMT-0400 (Eastern Daylight Time),,0,Paid,713.78,870.7400000000002
,Debt,true,MDG,Fri Sep 20 2024 01:00:00 GMT-0400 (Eastern Daylight Time),,-48.47,Paid,665.31,822.2700000000002
,Above Lending,true,,Mon Sep 23 2024 01:00:00 GMT-0400 (Eastern Daylight Time),,-86.95,Paid,578.3599999999999,735.3200000000002
,US Cellular,true,,Sun Sep 22 2024 01:00:00 GMT-0400 (Eastern Daylight Time),,-60.66,Paid,517.6999999999999,674.6600000000002
,Subscription - Video,true,Crunchyroll,Tue Sep 24 2024 01:00:00 GMT-0400 (Eastern Daylight Time),,-12.59,Paid,505.10999999999996,662.0700000000002
,09/20/2024 - 10/03/2024,,,,,,Extra Money Left Over :,,662.0700000000002
,Income: Paycheck,,,Fri Oct 04 2024 01:00:00 GMT-0400 (Eastern Daylight Time),,1133.59,,1133.59,1795.66
,Groceries,,,,,0,N/A,1133.59,1795.66
,Cigarettes,,,,,-26.02,N/A,1107.57,1769.64
,Gas,,,,,0,N/A,1107.57,1769.64
,Entertainment,,,,,-10,N/A,1097.57,1759.64
,Medical,,,,,0,N/A,1097.57,1759.64
,Vehicle,,,,,0,N/A,1097.57,1759.64
,Maintenance,,,,,-12.99,N/A,1084.58,1746.65
,Debt,,,,,0,N/A,1084.58,1746.65
,Holiday Gifts,,,,,0,N/A,1084.58,1746.65
,Haircut,,,,,0,N/A,1084.58,1746.65
,Subscription - Video,,,,,0,N/A,1084.58,1746.65
,Subscription - Game,,,,,0,N/A,1084.58,1746.65
,Above Lending,true,,Mon Oct 07 2024 01:00:00 GMT-0400 (Eastern Daylight Time),,-86.95,Paid,997.6299999999999,1659.7
,Car Insurance,true,,Tue Oct 08 2024 01:00:00 GMT-0400 (Eastern Daylight Time),,-107.4,Paid,890.2299999999999,1552.3
,Credit Cards,true,Mission Lane,Fri Oct 04 2024 01:00:00 GMT-0400 (Eastern Daylight Time),,-100,Paid,790.2299999999999,1452.3
,Credit Cards,true,Amazon,Mon Oct 07 2024 01:00:00 GMT-0400 (Eastern Daylight Time),,-50,Paid,740.2299999999999,1402.3
,Debt,true,MDG,Fri Oct 04 2024 01:00:00 GMT-0400 (Eastern Daylight Time),,-48.47,Paid,691.7599999999999,1353.83
,MPU (Electric Bill),true,,Thu Oct 03 2024 01:00:00 GMT-0400 (Eastern Daylight Time),,-137.79,Paid,553.9699999999999,1216.04
,Planet Fitness,true,,Thu Oct 17 2024 01:00:00 GMT-0400 (Eastern Daylight Time),,-10,Paid,543.9699999999999,1206.04
,Rent,true,,Fri Oct 04 2024 01:00:00 GMT-0400 (Eastern Daylight Time),,-968.48,Paid,-424.5100000000001,237.55999999999995
,Renter's Insurance,true,,Tue Oct 08 2024 01:00:00 GMT-0400 (Eastern Daylight Time),,-14.52,Paid,-439.0300000000001,223.03999999999994
,Subscription - Video,true,Amazon Prime,Fri Oct 11 2024 01:00:00 GMT-0400 (Eastern Daylight Time),,-15.04,Paid,-454.0700000000001,207.99999999999994
,WPS (Gas Bill),true,,Fri Oct 04 2024 01:00:00 GMT-0400 (Eastern Daylight Time),,-94,Paid,-548.0700000000002,113.99999999999994
,XFinity,true,,Fri Oct 04 2024 01:00:00 GMT-0400 (Eastern Daylight Time),,-106.75,Paid,-654.8200000000002,7.249999999999943
,10/04/2024 - 10/17/2024,,,,,,Extra Money Left Over :,,7.249999999999943
,Income: Paycheck,,,Fri Oct 18 2024 01:00:00 GMT-0400 (Eastern Daylight Time),,1166.91,,1166.91,1174.16
,Groceries,,,,,-198.86,N/A,968.0500000000001,975.3000000000001
,Cigarettes,,,,,-74.1,N/A,893.95,901.2
,Gas,,,,,-38.13,N/A,855.82,863.07
,Entertainment,,,,,-22.49,N/A,833.33,840.58
,Medical,,,,,0,N/A,833.33,840.58
,Vehicle,,,,,0,N/A,833.33,840.58
,Maintenance,,,,,0,N/A,833.33,840.58
,Debt,,,,,0,N/A,833.33,840.58
,Holiday Gifts,,,,,0,N/A,833.33,840.58
,Haircut,,,,,0,N/A,833.33,840.58
,Subscription - Video,,,,,0,N/A,833.33,840.58
,Subscription - Game,,,,,0,N/A,833.33,840.58
,Car Payment,true,Due Date: 11/01/2024,Fri Oct 18 2024 01:00:00 GMT-0400 (Eastern Daylight Time),,-471.27,Paid,362.06000000000006,369.31000000000006
,Credit Cards,true,(Due 11/25/2024) Amazon,Fri Oct 18 2024 01:00:00 GMT-0400 (Eastern Daylight Time),,0,Paid,362.06000000000006,369.31000000000006
,Credit Cards,true,(Due 11/24/2024) Mission Lane,Fri Oct 18 2024 01:00:00 GMT-0400 (Eastern Daylight Time),,0,Paid,362.06000000000006,369.31000000000006
,Debt,true,MDG,Fri Oct 18 2024 01:00:00 GMT-0400 (Eastern Daylight Time),,-48.47,Paid,313.59000000000003,320.84000000000003
,Above Lending,true,,Mon Oct 21 2024 01:00:00 GMT-0400 (Eastern Daylight Time),,-86.95,Paid,226.64000000000004,233.89000000000004
,US Cellular,true,,Sat Oct 26 2024 01:00:00 GMT-0400 (Eastern Daylight Time),,-66.91999999999999,Paid,159.72000000000006,166.97000000000006
,MPU (Electric Bill),true,,Thu Oct 31 2024 01:00:00 GMT-0400 (Eastern Daylight Time),,-122.59,Paid,37.13000000000005,44.38000000000005
,Subscription - Game,true,Final Fantasy 14,Fri Oct 18 2024 01:00:00 GMT-0400 (Eastern Daylight Time),,-15.74,Paid,21.39000000000005,28.64000000000005
,Subscription - Video,true,Crunchyroll,Thu Oct 24 2024 01:00:00 GMT-0400 (Eastern Daylight Time),,-10.49,Paid,10.90000000000005,18.15000000000005
,10/18/2024 - 10/31/2024,,,,,,Extra Money Left Over :,,18.15000000000005
,Income: Paycheck,,,Fri Nov 01 2024 01:00:00 GMT-0400 (Eastern Daylight Time),,1197.92,,1197.92,1216.0700000000002
,Groceries,,,,,-92.91,N/A,1105.01,1123.16
,Cigarettes,,,,,-49.41,N/A,1055.6,1073.75
,Gas,,,,,0,N/A,1055.6,1073.75
,Entertainment,,,,,86.56,N/A,1142.1599999999999,1160.31
,Medical,,,,,0,N/A,1142.1599999999999,1160.31
,Vehicle,,,,,0,N/A,1142.1599999999999,1160.31
,Maintenance,,,,,-27.980000000000004,N/A,1114.1799999999998,1132.33
,Debt,,,,,0,N/A,1114.1799999999998,1132.33
,Holiday Gifts,,,,,0,N/A,1114.1799999999998,1132.33
,Haircut,,,,,0,N/A,1114.1799999999998,1132.33
,Subscription - Video,,,,,0,N/A,1114.1799999999998,1132.33
,Subscription - Game,,,,,0,N/A,1114.1799999999998,1132.33
,Rent,true,,Fri Nov 01 2024 01:00:00 GMT-0400 (Eastern Daylight Time),,-803,Paid,311.17999999999984,329.3299999999999
,Debt,true,MDG,Fri Nov 01 2024 01:00:00 GMT-0400 (Eastern Daylight Time),,-48.47,Paid,262.7099999999998,280.8599999999999
,Above Lending,true,,Mon Nov 04 2024 01:00:00 GMT-0500 (Eastern Standard Time),,-86.95,Paid,175.75999999999982,193.9099999999999
,XFinity,true,,Mon Nov 04 2024 01:00:00 GMT-0500 (Eastern Standard Time),,-106.75,Paid,69.00999999999982,87.15999999999991
,Car Insurance,true,,Fri Nov 08 2024 01:00:00 GMT-0500 (Eastern Standard Time),,0,Paid,69.00999999999982,87.15999999999991
,Renter's Insurance,true,,Fri Nov 08 2024 01:00:00 GMT-0500 (Eastern Standard Time),,-14.52,Paid,54.489999999999824,72.63999999999992
,Subscription - Video,true,Amazon Prime,Mon Nov 11 2024 01:00:00 GMT-0500 (Eastern Standard Time),,-15.04,Paid,39.449999999999825,57.599999999999916
,WPS (Gas Bill),false,Next Due: 11/22/2024,Thu Nov 14 2024 01:00:00 GMT-0500 (Eastern Standard Time),,0,Pending,39.449999999999825,57.599999999999916
,MPU (Electric Bill),false,Next Due: 11/31/2024,Thu Nov 14 2024 01:00:00 GMT-0500 (Eastern Standard Time),,0,Pending,39.449999999999825,57.599999999999916
,11/01/2024 - 11/14/2024,,,,,,Extra Money Left Over :,,68.97
,Income: Paycheck,,,Fri Nov 15 2024 01:00:00 GMT-0500 (Eastern Standard Time),,1634.08,,1634.08,1703.05
,Groceries,,,,,-208.65,N/A,1425.4299999999998,1494.3999999999999
,Cigarettes,,,,,-26.42,N/A,1399.0099999999998,1467.9799999999998
,Gas,,,,,-25.63,N/A,1373.3799999999997,1442.3499999999997
,Entertainment,,,,,0,N/A,1373.3799999999997,1442.3499999999997
,Medical,,,,,0,N/A,1373.3799999999997,1442.3499999999997
,Vehicle,,,,,-11,N/A,1362.3799999999997,1431.3499999999997
,Maintenance,,,,,-53.6,N/A,1308.7799999999997,1377.7499999999998
,Debt,,,,,0,N/A,1308.7799999999997,1377.7499999999998
,Holiday Gifts,,,,,0,N/A,1308.7799999999997,1377.7499999999998
,Haircut,,,,,0,N/A,1308.7799999999997,1377.7499999999998
,Subscription - Video,,,,,0,N/A,1308.7799999999997,1377.7499999999998
,Subscription - Game,,,,,-15.74,N/A,1293.0399999999997,1362.0099999999998
,Rent,true,Remaining plus $70 late fee,Fri Nov 15 2024 01:00:00 GMT-0500 (Eastern Standard Time),,-221.97,Paid,1071.0699999999997,1140.0399999999997
,Debt,true,MDG,Fri Nov 15 2024 01:00:00 GMT-0500 (Eastern Standard Time),,-48.47,Paid,1022.5999999999997,1091.5699999999997
,Planet Fitness,true,,Sun Nov 17 2024 01:00:00 GMT-0500 (Eastern Standard Time),,-10,Paid,1012.5999999999997,1081.5699999999997
,Car Payment,true,,Mon Nov 18 2024 01:00:00 GMT-0500 (Eastern Standard Time),,-471.27,Paid,541.3299999999997,610.2999999999997
,Debt,true,Lowes (1/6),Mon Nov 18 2024 01:00:00 GMT-0500 (Eastern Standard Time),,-194.7,Paid,346.6299999999997,415.59999999999974
,US Cellular,true,,Sat Nov 23 2024 01:00:00 GMT-0500 (Eastern Standard Time),,-60.7,Paid,285.9299999999997,354.89999999999975
,Credit Cards,true,Amazon,Mon Nov 18 2024 01:00:00 GMT-0500 (Eastern Standard Time),,-40,Paid,245.92999999999972,314.89999999999975
,Credit Cards,true,Mission Lane,Mon Nov 18 2024 01:00:00 GMT-0500 (Eastern Standard Time),,-72.51,Paid,173.41999999999973,242.38999999999976
,Above Lending,true,,Mon Nov 18 2024 01:00:00 GMT-0500 (Eastern Standard Time),,-86.95,Paid,86.46999999999973,155.43999999999977
,WPS (Gas Bill),true,Nothing due,Fri Nov 22 2024 01:00:00 GMT-0500 (Eastern Standard Time),,0,Paid,86.46999999999973,155.43999999999977
,Subscription - Video,false,Crunchyroll,Sun Nov 24 2024 01:00:00 GMT-0500 (Eastern Standard Time),,-10.49,Pending,75.97999999999973,144.94999999999976
,11/15/2024 - 11/28/2024,,,,,,Extra Money Left Over :,,104.52
,Income: Paycheck,,,Fri Nov 29 2024 01:00:00 GMT-0500 (Eastern Standard Time),,1288.7,,1288.7,1393.22
,Groceries,,,,,0,N/A,1288.7,1393.22
,Cigarettes,,,,,0,N/A,1288.7,1393.22
,Gas,,,,,0,N/A,1288.7,1393.22
,Entertainment,,,,,0,N/A,1288.7,1393.22
,Medical,,,,,0,N/A,1288.7,1393.22
,Vehicle,,,,,0,N/A,1288.7,1393.22
,Maintenance,,,,,0,N/A,1288.7,1393.22
,Debt,,,,,0,N/A,1288.7,1393.22
,Holiday Gifts,,,,,0,N/A,1288.7,1393.22
,Haircut,,,,,0,N/A,1288.7,1393.22
,Subscription - Video,,,,,0,N/A,1288.7,1393.22
,Subscription - Game,,,,,0,N/A,1288.7,1393.22
,Rent,false,Due Date: 12/08/2024,Fri Nov 29 2024 01:00:00 GMT-0500 (Eastern Standard Time),,-969.04,Pending,319.6600000000001,424.18000000000006
,Credit Cards,true,Amazon,Wed Dec 25 2024 01:00:00 GMT-0500 (Eastern Standard Time),,0,Paid,319.6600000000001,424.18000000000006
,Credit Cards,true,Mission Lane,Tue Dec 24 2024 01:00:00 GMT-0500 (Eastern Standard Time),,0,Paid,319.6600000000001,424.18000000000006
,Debt,true,Lowes (2/6),Thu Nov 28 2024 01:00:00 GMT-0500 (Eastern Standard Time),,-194.7,Paid,124.9600000000001,229.48000000000008
,Debt,true,MDG,Fri Nov 29 2024 01:00:00 GMT-0500 (Eastern Standard Time),,-48.47,Paid,76.4900000000001,181.01000000000008
,Above Lending,true,,Mon Dec 02 2024 01:00:00 GMT-0500 (Eastern Standard Time),,-86.95,Paid,-10.459999999999908,94.06000000000007
,XFinity,true,Paid With Credit Card,Mon Dec 02 2024 01:00:00 GMT-0500 (Eastern Standard Time),,0,Paid,-10.459999999999908,94.06000000000007
,MPU (Electric Bill),true,Paid With Credit Card,Tue Dec 03 2024 01:00:00 GMT-0500 (Eastern Standard Time),,0,Paid,-10.459999999999908,94.06000000000007
,Maintenance,true,Cameras,Tue Dec 03 2024 01:00:00 GMT-0500 (Eastern Standard Time),,-10,Paid,-20.45999999999991,84.06000000000007
,Car Insurance,true,Change before 12/8/2024 Getting too High,Sun Dec 08 2024 01:00:00 GMT-0500 (Eastern Standard Time),,-102.35,Paid,-122.8099999999999,-18.28999999999992
,Renter's Insurance,true,Change before 12/8/2024 Getting too High,Sun Dec 08 2024 01:00:00 GMT-0500 (Eastern Standard Time),,-19.17,Paid,-141.9799999999999,-37.45999999999992
,Subscription - Video,true,Amazon Prime,Thu Dec 12 2024 01:00:00 GMT-0500 (Eastern Standard Time),,-15.04,Paid,-157.0199999999999,-52.49999999999992
,11/29/2024 - 12/12/2024,,,,,,Extra Money Left Over :,,5.38
,Income: Paycheck,,,Fri Dec 13 2024 01:00:00 GMT-0500 (Eastern Standard Time),,1244.44,,1244.44,1249.8200000000002
,Income: Other,,Flex Account Payout,Fri Dec 20 2024 01:00:00 GMT-0500 (Eastern Standard Time),,683.48,,1927.92,1933.3000000000002
,Income: Other,,PC Sale,Sat Dec 21 2024 01:00:00 GMT-0500 (Eastern Standard Time),,378.65,,2306.57,2311.9500000000003
,Groceries,,,,,-279.95000000000005,N/A,2026.6200000000001,2032.0000000000002
,Cigarettes,,,,,-80.93,N/A,1945.69,1951.0700000000002
,Gas,,,,,-33.51,N/A,1912.18,1917.5600000000002
,Entertainment,,,,,0,N/A,1912.18,1917.5600000000002
,Medical,,,,,-65,N/A,1847.18,1852.5600000000002
,Vehicle,,,,,-12,N/A,1835.18,1840.5600000000002
,Maintenance,,,,,-80.71,N/A,1754.47,1759.8500000000001
,Debt,,,,,0,N/A,1754.47,1759.8500000000001
,Holiday Gifts,,,,,-18.73,N/A,1735.74,1741.1200000000001
,Haircut,,,,,0,N/A,1735.74,1741.1200000000001
,Subscription - Video,,,,,0,N/A,1735.74,1741.1200000000001
,Subscription - Game,,,,,0,N/A,1735.74,1741.1200000000001
,Debt,true,MDG,Fri Dec 13 2024 01:00:00 GMT-0500 (Eastern Standard Time),,-48.47,Paid,1687.27,1692.65
,Rent,true,,Fri Dec 13 2024 01:00:00 GMT-0500 (Eastern Standard Time),,-47.04,Paid,1640.23,1645.6100000000001
,Above Lending,true,,Mon Dec 16 2024 01:00:00 GMT-0500 (Eastern Standard Time),,-86.95,Paid,1553.28,1558.66
,Planet Fitness,true,,Tue Dec 17 2024 01:00:00 GMT-0500 (Eastern Standard Time),,-10,Paid,1543.28,1548.66
,US Cellular,true,,Wed Dec 18 2024 01:00:00 GMT-0500 (Eastern Standard Time),,-69.09,Paid,1474.19,1479.5700000000002
,WPS (Gas Bill),true,Nothing Due this month,Sun Dec 22 2024 01:00:00 GMT-0500 (Eastern Standard Time),,0,Paid,1474.19,1479.5700000000002
,Car Payment,true,,Mon Dec 23 2024 01:00:00 GMT-0500 (Eastern Standard Time),,-471.27,Paid,1002.9200000000001,1008.3000000000002
,Credit Cards,true,Mission Lane,Tue Dec 24 2024 01:00:00 GMT-0500 (Eastern Standard Time),,-200,Paid,802.9200000000001,808.3000000000002
,Credit Cards,true,Amazon,Tue Dec 24 2024 01:00:00 GMT-0500 (Eastern Standard Time),,-50,Paid,752.9200000000001,758.3000000000002
,Subscription - Video,true,Crunchyroll,Tue Dec 24 2024 01:00:00 GMT-0500 (Eastern Standard Time),,-12.59,Paid,740.33,745.7100000000002
,12/13/2024 - 12/26/2024,,,,,,Extra Money Left Over :,,745.7100000000002
,Income: Paycheck,,,Fri Dec 27 2024 01:00:00 GMT-0500 (Eastern Standard Time),,1254.15,,1254.15,1999.8600000000001
,Income: Other,Cash On Hand,,Fri Dec 27 2024 01:00:00 GMT-0500 (Eastern Standard Time),,232,,1486.15,2231.86
,Groceries,,,,,-133.85,N/A,1352.3000000000002,2098.01
,Cigarettes,,,,,-21.42,N/A,1330.88,2076.59
,Gas,,,,,0,N/A,1330.88,2076.59
,Entertainment,,,,,-71.43,N/A,1259.45,2005.16
,Medical,,,,,-25,N/A,1234.45,1980.16
,Vehicle,,,,,-208.89,N/A,1025.56,1771.27
,Maintenance,,,,,-45.86,N/A,979.6999999999999,1725.41
,Debt,,,,,-243.17,N/A,736.53,1482.24
,Holiday Gifts,,,,,0,N/A,736.53,1482.24
,Haircut,,,,,0,N/A,736.53,1482.24
,Subscription - Video,,,,,0,N/A,736.53,1482.24
,Subscription - Game,,,,,0,N/A,736.53,1482.24
,Car Insurance,true,,Sat Dec 28 2024 01:00:00 GMT-0500 (Eastern Standard Time),,-112.57,Paid,623.96,1369.67
,XFinity,true,,Sat Dec 28 2024 01:00:00 GMT-0500 (Eastern Standard Time),,-106.75,Paid,517.21,1262.92
,MPU (Electric Bill),true,,Sat Dec 28 2024 01:00:00 GMT-0500 (Eastern Standard Time),,-76.78,Paid,440.43000000000006,1186.14
,Rent,true,,Mon Dec 30 2024 01:00:00 GMT-0500 (Eastern Standard Time),,-959.84,Paid,-519.41,226.30000000000007
,Above Lending,true,,Thu Jan 02 2025 01:00:00 GMT-0500 (Eastern Standard Time),,-86.95,Paid,-606.36,139.35000000000008
,12/27/2024 - 1/09/2025,,,,,,Extra Money Left Over :,,103.34
,,,,,,,,,
,Start of 2025,,,,,,,,
,,,,,,,,,
,Income: Paycheck,,,Fri Jan 10 2025 01:00:00 GMT-0500 (Eastern Standard Time),,1906.37,,1906.37,2009.7099999999998
,Groceries,,,,,-237.25,N/A,1669.12,1772.4599999999998
,Cigarettes,,,,,-43.46,N/A,1625.6599999999999,1728.9999999999998
,Gas,,,,,-39.14,N/A,1586.5199999999998,1689.8599999999997
,Entertainment,,,,,0,N/A,1586.5199999999998,1689.8599999999997
,Medical,,,,,0,N/A,1586.5199999999998,1689.8599999999997
,Vehicle,,,,,0,N/A,1586.5199999999998,1689.8599999999997
,Maintenance,,,,,-40,N/A,1546.5199999999998,1649.8599999999997
,Debt,,,,,-48.47,N/A,1498.0499999999997,1601.3899999999996
,Holiday Gifts,,,,,0,N/A,1498.0499999999997,1601.3899999999996
,Haircut,,,,,0,N/A,1498.0499999999997,1601.3899999999996
,Subscription - Video,,,,,-21.37,N/A,1476.6799999999998,1580.0199999999998
,Subscription - Game,,,,,0,N/A,1476.6799999999998,1580.0199999999998
,Above Lending,true,,Mon Jan 13 2025 01:00:00 GMT-0500 (Eastern Standard Time),,-86.95,Paid,1389.7299999999998,1493.0699999999997
,Car Payment,true,,Mon Jan 13 2025 01:00:00 GMT-0500 (Eastern Standard Time),,-471.27,Paid,918.4599999999998,1021.7999999999997
,Credit Cards,true,Mission Lane,Mon Jan 13 2025 01:00:00 GMT-0500 (Eastern Standard Time),,-200,Paid,718.4599999999998,821.7999999999997
,Credit Cards,true,Amazon,Mon Jan 13 2025 01:00:00 GMT-0500 (Eastern Standard Time),,-50,Paid,668.4599999999998,771.7999999999997
,US Cellular,true,Includes Spotify,Mon Jan 13 2025 01:00:00 GMT-0500 (Eastern Standard Time),,-91.59,Paid,576.8699999999998,680.2099999999997
,Planet Fitness,true,,Fri Jan 17 2025 01:00:00 GMT-0500 (Eastern Standard Time),,-10,Paid,566.8699999999998,670.2099999999997
,WPS (Gas Bill),true,Nothing Due This Month,Wed Jan 22 2025 01:00:00 GMT-0500 (Eastern Standard Time),,0,Paid,566.8699999999998,670.2099999999997
,1/10/2025 - 1/23/2025,,,,,,Extra Money Left Over :,,670.2099999999997
,Income: Paycheck,,,Fri Jan 24 2025 01:00:00 GMT-0500 (Eastern Standard Time),,1894.74,,1894.74,2564.95
,Groceries,,,,,-332.90999999999997,N/A,1561.83,2232.04
,Cigarettes,,,,,-67.85000000000001,N/A,1493.98,2164.19
,Gas,,,,,0,N/A,1493.98,2164.19
,Entertainment,,,,,-10,N/A,1483.98,2154.19
,Medical,,,,,-25,N/A,1458.98,2129.19
,Vehicle,,,,,-20,N/A,1438.98,2109.19
,Maintenance,,,,,-27.83,N/A,1411.15,2081.36
,Debt,,,,,-213.13,N/A,1198.02,1868.23
,Holiday Gifts,,,,,0,N/A,1198.02,1868.23
,Haircut,,,,,0,N/A,1198.02,1868.23
,Subscription - Video,,,,,-12.65,N/A,1185.37,1855.58
,Subscription - Game,,,,,0,N/A,1185.37,1855.58
,XFinity,true,,Sun Jan 26 2025 01:00:00 GMT-0500 (Eastern Standard Time),Sun Feb 02 2025 01:00:00 GMT-0500 (Eastern Standard Time),-112.83,Paid,1072.54,1742.75
,MPU (Electric Bill),true,,Sun Jan 26 2025 01:00:00 GMT-0500 (Eastern Standard Time),Tue Feb 04 2025 01:00:00 GMT-0500 (Eastern Standard Time),-81.08,Paid,991.4599999999999,1661.67
,WPS (Gas Bill),true,Still Waiting on Account Fix 02/01/2025,,,0,Paid,991.4599999999999,1661.67
,Rent,true,,Mon Jan 27 2025 01:00:00 GMT-0500 (Eastern Standard Time),Sat Feb 01 2025 01:00:00 GMT-0500 (Eastern Standard Time),-959.84,Paid,31.61999999999989,701.83
,Above Lending,true,,Mon Jan 27 2025 01:00:00 GMT-0500 (Eastern Standard Time),Fri Jan 24 2025 01:00:00 GMT-0500 (Eastern Standard Time),-86.95,Paid,-55.33000000000011,614.88
,01/24/2025 - 02/07/2025 - Federal Tax Return Included,,,,,,Extra Money Left Over :,,614.88
,Income: Paycheck,,,Fri Feb 07 2025 01:00:00 GMT-0500 (Eastern Standard Time),,1877.31,,1877.31,2492.19
,Income: Tax Return,,State Return,Tue Feb 11 2025 01:00:00 GMT-0500 (Eastern Standard Time),,749,,2626.31,3241.19
,Groceries,,,,,-271.16,N/A,2355.15,2970.03
,Cigarettes,,,,,-45.55,N/A,2309.6,2924.48
,Gas,,,,,-40.28,N/A,2269.3199999999997,2884.2
,Entertainment,,,,,0,N/A,2269.3199999999997,2884.2
,Medical,,,,,0,N/A,2269.3199999999997,2884.2
,Vehicle,,,,,0,N/A,2269.3199999999997,2884.2
,Maintenance,,,,,-31.09,N/A,2238.2299999999996,2853.1099999999997
,Debt,,,,,-48.47,N/A,2189.7599999999998,2804.64
,Holiday Gifts,,,,,0,N/A,2189.7599999999998,2804.64
,Haircut,,,,,0,N/A,2189.7599999999998,2804.64
,Subscription - Video,,,,,-21.37,N/A,2168.39,2783.27
,Subscription - Game,,,,,0,N/A,2168.39,2783.27
,US Cellular,true,Includes Spotify,Fri Feb 07 2025 01:00:00 GMT-0500 (Eastern Standard Time),Sat Feb 22 2025 01:00:00 GMT-0500 (Eastern Standard Time),-92.73,Paid,2075.66,2690.54
,Car Insurance,true,,Fri Feb 07 2025 01:00:00 GMT-0500 (Eastern Standard Time),Sat Feb 08 2025 01:00:00 GMT-0500 (Eastern Standard Time),-112.57,Paid,1963.09,2577.97
,Above Lending,true,,Mon Feb 10 2025 01:00:00 GMT-0500 (Eastern Standard Time),Fri Feb 07 2025 01:00:00 GMT-0500 (Eastern Standard Time),-86.95,Paid,1876.1399999999999,2491.02
,Car Payment,true,,Mon Feb 10 2025 01:00:00 GMT-0500 (Eastern Standard Time),Fri Feb 28 2025 01:00:00 GMT-0500 (Eastern Standard Time),-471.27,Paid,1404.87,2019.75
,XFinity,true,,Thu Feb 20 2025 01:00:00 GMT-0500 (Eastern Standard Time),Sun Feb 02 2025 01:00:00 GMT-0500 (Eastern Standard Time),-112.83,Paid,1292.04,1906.92
,MPU (Electric Bill),true,,Thu Feb 20 2025 01:00:00 GMT-0500 (Eastern Standard Time),Wed Mar 05 2025 01:00:00 GMT-0500 (Eastern Standard Time),-62.96,Paid,1229.08,1843.96
,Credit Cards,true,Mission Lane,Mon Feb 10 2025 01:00:00 GMT-0500 (Eastern Standard Time),Mon Mar 24 2025 01:00:00 GMT-0400 (Eastern Daylight Time),-200,Paid,1029.08,1643.96
,Credit Cards,true,Amazon,Mon Feb 10 2025 01:00:00 GMT-0500 (Eastern Standard Time),Tue Mar 25 2025 01:00:00 GMT-0400 (Eastern Daylight Time),-50,Paid,979.0799999999999,1593.96
,Planet Fitness,true,,Mon Feb 17 2025 01:00:00 GMT-0500 (Eastern Standard Time),Mon Mar 17 2025 01:00:00 GMT-0400 (Eastern Daylight Time),-10,Paid,969.0799999999999,1583.96
,02/07/2025 - 02/20/2025 - StateTax Return Included,,,,,,Extra Money Left Over :,,1583.96
,Income: Paycheck,,,Fri Feb 21 2025 01:00:00 GMT-0500 (Eastern Standard Time),,1943.67,,1943.67,3527.63
,Groceries,,,,,-284.27,N/A,1659.4,3243.36
,Cigarettes,,,,,-51.67,N/A,1607.73,3191.69
,Gas,,,,,0,N/A,1607.73,3191.69
,Entertainment,,,,,-957.43,N/A,650.3000000000001,2234.26
,Medical,,,,,-25,N/A,625.3000000000001,2209.26
,Vehicle,,,,,-12,N/A,613.3000000000001,2197.26
,Maintenance,,,,,-43.019999999999996,N/A,570.2800000000001,2154.2400000000002
,Debt,,,,,-243.17,N/A,327.1100000000001,1911.0700000000002
,Holiday Gifts,,,,,0,N/A,327.1100000000001,1911.0700000000002
,Haircut,,,,,0,N/A,327.1100000000001,1911.0700000000002
,Subscription - Video,,,,,-12.65,N/A,314.46000000000015,1898.42
,Subscription - Game,,,,,-26.38,N/A,288.08000000000015,1872.04
,Rent,true,,Fri Feb 21 2025 01:00:00 GMT-0500 (Eastern Standard Time),Sat Mar 01 2025 01:00:00 GMT-0500 (Eastern Standard Time),-979.21,Paid,-691.1299999999999,892.8299999999999
,WPS (Gas Bill),true,,Thu Feb 20 2025 01:00:00 GMT-0500 (Eastern Standard Time),Sat Mar 15 2025 01:00:00 GMT-0400 (Eastern Daylight Time),-179.71,Paid,-870.8399999999999,713.1199999999999
,Above Lending,true,,Mon Feb 24 2025 01:00:00 GMT-0500 (Eastern Standard Time),Fri Feb 21 2025 01:00:00 GMT-0500 (Eastern Standard Time),-86.95,Paid,-957.79,626.1699999999998
,12/27/2024 - 01/09/2025,,,,,,Extra Money Left Over :,,626.1699999999998
,Income: Paycheck,,,Fri Mar 07 2025 01:00:00 GMT-0500 (Eastern Standard Time),,1505.11,,1505.11,2131.2799999999997
,Groceries,,,,,-295.96,N/A,1209.1499999999999,1835.3199999999997
,Cigarettes,,,,,-68.03999999999999,N/A,1141.11,1767.2799999999997
,Gas,,,,,-35.97,N/A,1105.1399999999999,1731.3099999999997
,Entertainment,,,,,-86.4,N/A,1018.7399999999999,1644.9099999999996
,Medical,,,,,0,N/A,1018.7399999999999,1644.9099999999996
,Vehicle,,,,,-107.47,N/A,911.2699999999999,1537.4399999999996
,Maintenance,,,,,-21.09,N/A,890.1799999999998,1516.3499999999997
,Debt,,,,,-48.47,N/A,841.7099999999998,1467.8799999999997
,Holiday Gifts,,,,,0,N/A,841.7099999999998,1467.8799999999997
,Haircut,,,,,0,N/A,841.7099999999998,1467.8799999999997
,Subscription - Video,,,,,-21.37,N/A,820.3399999999998,1446.5099999999998
,Subscription - Game,,,,,0,N/A,820.3399999999998,1446.5099999999998
,US Cellular,true,Includes Spotify,Fri Mar 07 2025 01:00:00 GMT-0500 (Eastern Standard Time),Sat Mar 22 2025 01:00:00 GMT-0400 (Eastern Daylight Time),-92.78,Paid,727.5599999999998,1353.7299999999998
,Car Insurance,true,,Fri Mar 07 2025 01:00:00 GMT-0500 (Eastern Standard Time),Sat Mar 08 2025 01:00:00 GMT-0500 (Eastern Standard Time),-112.57,Paid,614.9899999999998,1241.1599999999999
,Above Lending,true,,Mon Mar 10 2025 01:00:00 GMT-0400 (Eastern Daylight Time),Fri Mar 07 2025 01:00:00 GMT-0500 (Eastern Standard Time),-86.95,Paid,528.0399999999997,1154.2099999999998
,Car Payment,true,,Mon Mar 10 2025 01:00:00 GMT-0400 (Eastern Daylight Time),Fri Mar 28 2025 01:00:00 GMT-0400 (Eastern Daylight Time),-471.27,Paid,56.769999999999754,682.9399999999998
,WPS (Gas Bill),true,,Tue Mar 11 2025 01:00:00 GMT-0400 (Eastern Daylight Time),Thu Mar 20 2025 01:00:00 GMT-0400 (Eastern Daylight Time),-47,Paid,9.769999999999754,635.9399999999998
,Credit Cards,true,Mission Lane,Mon Mar 10 2025 01:00:00 GMT-0400 (Eastern Daylight Time),Mon Mar 24 2025 01:00:00 GMT-0400 (Eastern Daylight Time),-200,Paid,-190.23000000000025,435.9399999999998
,Credit Cards,true,Lowes,Tue Mar 11 2025 01:00:00 GMT-0400 (Eastern Daylight Time),Thu Mar 13 2025 01:00:00 GMT-0400 (Eastern Daylight Time),-50,Paid,-240.23000000000025,385.9399999999998
,Credit Cards,true,Amazon,Mon Mar 10 2025 01:00:00 GMT-0400 (Eastern Daylight Time),Tue Mar 25 2025 01:00:00 GMT-0400 (Eastern Daylight Time),-50,Paid,-290.23000000000025,335.9399999999998
,Planet Fitness,true,,Mon Mar 17 2025 01:00:00 GMT-0400 (Eastern Daylight Time),Mon Mar 17 2025 01:00:00 GMT-0400 (Eastern Daylight Time),-10,Paid,-300.23000000000025,325.9399999999998
,03/07/2025 - 03/20/2025,,,,,,Extra Money Left Over :,,325.9399999999998
,Income: Paycheck,,,Fri Mar 21 2025 01:00:00 GMT-0400 (Eastern Daylight Time),,1435.33,,1435.33,1761.2699999999998
,Groceries,,,,,-108.27,N/A,1327.06,1652.9999999999998
,Cigarettes,,,,,-27.11,N/A,1299.95,1625.8899999999999
,Gas,,,,,-37.11,N/A,1262.8400000000001,1588.78
,Entertainment,,,,,-155.15,N/A,1107.69,1433.6299999999999
,Medical,,,,,0,N/A,1107.69,1433.6299999999999
,Vehicle,,,,,0,N/A,1107.69,1433.6299999999999
,Maintenance,,,,,-18.779999999999998,N/A,1088.91,1414.85
,Debt,,,,,-225.64,N/A,863.2700000000001,1189.21
,Holiday Gifts,,,,,0,N/A,863.2700000000001,1189.21
,Haircut,,,,,0,N/A,863.2700000000001,1189.21
,Subscription - Video,,,,,-12.65,N/A,850.6200000000001,1176.56
,Subscription - Game,,,,,0,N/A,850.6200000000001,1176.56
,MPU (Electric Bill),true,,Sun Mar 30 2025 01:00:00 GMT-0400 (Eastern Daylight Time),Thu Apr 03 2025 01:00:00 GMT-0400 (Eastern Daylight Time),-61.91,Paid,788.7100000000002,1114.6499999999999
,XFinity,true,,Sun Mar 30 2025 01:00:00 GMT-0400 (Eastern Daylight Time),Wed Apr 02 2025 01:00:00 GMT-0400 (Eastern Daylight Time),-112.83,Paid,675.8800000000001,1001.8199999999998
,Above Lending,true,,Mon Mar 24 2025 01:00:00 GMT-0400 (Eastern Daylight Time),Fri Mar 21 2025 01:00:00 GMT-0400 (Eastern Daylight Time),-86.95,Paid,588.9300000000001,914.8699999999998
,03/21/2025 - 04/03/2025,,,,,,Extra Money Left Over :,,914.8699999999998
,Income: Paycheck,,,Fri Apr 04 2025 01:00:00 GMT-0400 (Eastern Daylight Time),,1421.75,,1421.75,2336.62
,Groceries,,,,,-332.43,N/A,1089.32,2004.1899999999998
,Cigarettes,,,,,-74.14,N/A,1015.18,1930.0499999999997
,Gas,,,,,-28.23,N/A,986.9499999999999,1901.8199999999997
,Entertainment,,,,,0,N/A,986.9499999999999,1901.8199999999997
,Medical,,,,,0,N/A,986.9499999999999,1901.8199999999997
,Vehicle,,,,,-26,N/A,960.9499999999999,1875.8199999999997
,Maintenance,,,,,-31.09,N/A,929.8599999999999,1844.7299999999998
,Debt,,,,,-48.47,N/A,881.3899999999999,1796.2599999999998
,Holiday Gifts,,,,,0,N/A,881.3899999999999,1796.2599999999998
,Haircut,,,,,-27,N/A,854.3899999999999,1769.2599999999998
,Subscription - Video,,,,,-21.37,N/A,833.0199999999999,1747.8899999999999
,Subscription - Game,,,,,0,N/A,833.0199999999999,1747.8899999999999
,Rent,true,,Fri Apr 04 2025 01:00:00 GMT-0400 (Eastern Daylight Time),Sat Apr 05 2025 01:00:00 GMT-0400 (Eastern Daylight Time),-969.39,Paid,-136.37000000000012,778.4999999999999
,Car Insurance,true,,Fri Apr 04 2025 01:00:00 GMT-0400 (Eastern Daylight Time),Tue Apr 08 2025 01:00:00 GMT-0400 (Eastern Daylight Time),-112.55,Paid,-248.92000000000013,665.9499999999999
,Above Lending,true,,Mon Apr 07 2025 01:00:00 GMT-0400 (Eastern Daylight Time),Sat Apr 05 2025 01:00:00 GMT-0400 (Eastern Daylight Time),-86.95,Paid,-335.8700000000001,578.9999999999999
,Credit Cards,true,Mission Lane,Tue Apr 15 2025 01:00:00 GMT-0400 (Eastern Daylight Time),Thu Apr 24 2025 01:00:00 GMT-0400 (Eastern Daylight Time),-81.43,Paid,-417.3000000000001,497.5699999999999
,Credit Cards,true,Lowes,Tue Apr 15 2025 01:00:00 GMT-0400 (Eastern Daylight Time),Sun Apr 13 2025 01:00:00 GMT-0400 (Eastern Daylight Time),-38,Paid,-455.3000000000001,459.5699999999999
,Credit Cards,true,Amazon,Tue Apr 15 2025 01:00:00 GMT-0400 (Eastern Daylight Time),Fri Apr 25 2025 01:00:00 GMT-0400 (Eastern Daylight Time),-33,Paid,-488.3000000000001,426.5699999999999
,Planet Fitness,true,,Thu Apr 17 2025 01:00:00 GMT-0400 (Eastern Daylight Time),Thu Apr 17 2025 01:00:00 GMT-0400 (Eastern Daylight Time),-10,Paid,-498.3000000000001,416.5699999999999
,04/04/2025 - 04/17/2025,,,,,,Extra Money Left Over :,,416.5699999999999
,Income: Paycheck,,,Fri Apr 18 2025 01:00:00 GMT-0400 (Eastern Daylight Time),,1390.33,,1390.33,1806.8999999999999
,Groceries,,,,,-285.19,N/A,1105.1399999999999,1521.7099999999998
,Cigarettes,,,,,-77.15,N/A,1027.9899999999998,1444.5599999999997
,Gas,,,,,-34.59,N/A,993.3999999999997,1409.9699999999998
,Entertainment,,,,,-48.99,N/A,944.4099999999997,1360.9799999999998
,Medical,,,,,-90,N/A,854.4099999999997,1270.9799999999998
,Vehicle,,,,,0,N/A,854.4099999999997,1270.9799999999998
,Maintenance,,,,,-172.98000000000002,N/A,681.4299999999997,1097.9999999999998
,Debt,,,,,-48.43,N/A,632.9999999999998,1049.5699999999997
,Holiday Gifts,,,,,0,N/A,632.9999999999998,1049.5699999999997
,Haircut,,,,,0,N/A,632.9999999999998,1049.5699999999997
,Subscription - Video,,,,,-12.65,N/A,620.3499999999998,1036.9199999999996
,Subscription - Game,,,,,0,N/A,620.3499999999998,1036.9199999999996
,MPU (Electric Bill),true,,Fri Apr 18 2025 01:00:00 GMT-0400 (Eastern Daylight Time),Sat May 03 2025 01:00:00 GMT-0400 (Eastern Daylight Time),-73.7,Paid,546.6499999999997,963.2199999999996
,US Cellular,true,,Fri Apr 18 2025 01:00:00 GMT-0400 (Eastern Daylight Time),Tue Apr 22 2025 01:00:00 GMT-0400 (Eastern Daylight Time),-92.78,Paid,453.8699999999998,870.4399999999996
,XFinity,true,,Fri Apr 18 2025 01:00:00 GMT-0400 (Eastern Daylight Time),Fri May 02 2025 01:00:00 GMT-0400 (Eastern Daylight Time),-112.83,Paid,341.0399999999998,757.6099999999996
,Car Payment,true,,Mon Apr 21 2025 01:00:00 GMT-0400 (Eastern Daylight Time),Mon Apr 28 2025 01:00:00 GMT-0400 (Eastern Daylight Time),-471.27,Paid,-130.2300000000002,286.3399999999996
,WPS (Gas Bill),true,,Mon Apr 21 2025 01:00:00 GMT-0400 (Eastern Daylight Time),Tue Apr 22 2025 01:00:00 GMT-0400 (Eastern Daylight Time),-47,Paid,-177.2300000000002,239.33999999999958
,Above Lending,true,,Mon Apr 21 2025 01:00:00 GMT-0400 (Eastern Daylight Time),Fri Apr 18 2025 01:00:00 GMT-0400 (Eastern Daylight Time),-86.95,Paid,-264.1800000000002,152.3899999999996
,04/18/2025 - 05/01/2025,,,,,,Extra Money Left Over :,,152.3899999999996
,Income: Paycheck,,,Fri May 02 2025 01:00:00 GMT-0400 (Eastern Daylight Time),,1790.36,,1790.36,1942.7499999999995
,Groceries,,,,,-163.68,N/A,1626.6799999999998,1779.0699999999995
,Cigarettes,,,,,-48.65,N/A,1578.0299999999997,1730.4199999999994
,Gas,,,,,0,N/A,1578.0299999999997,1730.4199999999994
,Entertainment,,,,,0,N/A,1578.0299999999997,1730.4199999999994
,Medical,,,,,0,N/A,1578.0299999999997,1730.4199999999994
,Vehicle,,,,,-15,N/A,1563.0299999999997,1715.4199999999994
,Maintenance,,,,,-48.92,N/A,1514.1099999999997,1666.4999999999993
,Debt,,,,,-48.47,N/A,1465.6399999999996,1618.0299999999993
,Holiday Gifts,,,,,0,N/A,1465.6399999999996,1618.0299999999993
,Haircut,,,,,0,N/A,1465.6399999999996,1618.0299999999993
,Subscription - Video,,,,,-15.05,N/A,1450.5899999999997,1602.9799999999993
,Subscription - Game,,,,,0,N/A,1450.5899999999997,1602.9799999999993
,Rent,true,,Fri May 02 2025 01:00:00 GMT-0400 (Eastern Daylight Time),Thu May 01 2025 01:00:00 GMT-0400 (Eastern Daylight Time),-968.87,Paid,481.7199999999997,634.1099999999993
,Car Insurance,true,,Sun May 04 2025 01:00:00 GMT-0400 (Eastern Daylight Time),Thu May 08 2025 01:00:00 GMT-0400 (Eastern Daylight Time),-117.89,Paid,363.8299999999997,516.2199999999993
,Above Lending,true,,Fri May 02 2025 01:00:00 GMT-0400 (Eastern Daylight Time),Mon May 05 2025 01:00:00 GMT-0400 (Eastern Daylight Time),-86.95,Paid,276.8799999999997,429.26999999999936
,Credit Cards,true,Mission Lane,Mon May 05 2025 01:00:00 GMT-0400 (Eastern Daylight Time),Sat May 24 2025 01:00:00 GMT-0400 (Eastern Daylight Time),-200,Paid,76.87999999999971,229.26999999999936
,Credit Cards,true,Lowes,Mon May 05 2025 01:00:00 GMT-0400 (Eastern Daylight Time),Tue May 13 2025 01:00:00 GMT-0400 (Eastern Daylight Time),-50,Paid,26.87999999999971,179.26999999999936
,Credit Cards,true,Amazon,Mon May 05 2025 01:00:00 GMT-0400 (Eastern Daylight Time),Sun May 25 2025 01:00:00 GMT-0400 (Eastern Daylight Time),-50,Paid,-23.12000000000029,129.26999999999936
,Planet Fitness,true,,Sat May 17 2025 01:00:00 GMT-0400 (Eastern Daylight Time),Sat May 17 2025 01:00:00 GMT-0400 (Eastern Daylight Time),-10,Paid,-33.12000000000029,119.26999999999936
,05/02/2025 - 05/15/2025,,,,,,Extra Money Left Over :,,119.26999999999936
,Income: Paycheck,,,Fri May 16 2025 01:00:00 GMT-0400 (Eastern Daylight Time),,2059.35,,2059.35,2178.6199999999994
,Groceries,,,,,-332.06,N/A,1727.29,1846.5599999999995
,Cigarettes,,,,,-100.78,N/A,1626.51,1745.7799999999995
,Gas,,,,,-74.22,N/A,1552.29,1671.5599999999995
,Entertainment,,,,,0,N/A,1552.29,1671.5599999999995
,Medical,,,,,-25,N/A,1527.29,1646.5599999999995
,Vehicle,,,,,-10,N/A,1517.29,1636.5599999999995
,Maintenance,,,,,-376.53,N/A,1140.76,1260.0299999999995
,Debt,,,,,-48.47,N/A,1092.29,1211.5599999999995
,Holiday Gifts,,,,,0,N/A,1092.29,1211.5599999999995
,Haircut,,,,,0,N/A,1092.29,1211.5599999999995
,Subscription - Video,,,,,-18.97,N/A,1073.32,1192.5899999999995
,Subscription - Game,,,,,0,N/A,1073.32,1192.5899999999995
,Car Payment,true,,Mon May 19 2025 01:00:00 GMT-0400 (Eastern Daylight Time),Wed May 28 2025 01:00:00 GMT-0400 (Eastern Daylight Time),-471.27,Paid,602.05,721.3199999999995
,MPU (Electric Bill),true,,Fri May 16 2025 01:00:00 GMT-0400 (Eastern Daylight Time),Tue Jun 03 2025 01:00:00 GMT-0400 (Eastern Daylight Time),-92.91,Paid,509.14,628.4099999999995
,WPS (Gas Bill),true,,Mon May 19 2025 01:00:00 GMT-0400 (Eastern Daylight Time),Tue May 20 2025 01:00:00 GMT-0400 (Eastern Daylight Time),-47.8,Paid,461.34,580.6099999999996
,US Cellular,true,,Fri May 16 2025 01:00:00 GMT-0400 (Eastern Daylight Time),Thu May 22 2025 01:00:00 GMT-0400 (Eastern Daylight Time),-142.09,Paid,319.25,438.5199999999995
,XFinity,true,,Fri May 16 2025 01:00:00 GMT-0400 (Eastern Daylight Time),Mon Jun 02 2025 01:00:00 GMT-0400 (Eastern Daylight Time),-112.03,Paid,207.22,326.48999999999955
,Above Lending,true,,Mon May 19 2025 01:00:00 GMT-0400 (Eastern Daylight Time),Fri May 16 2025 01:00:00 GMT-0400 (Eastern Daylight Time),-86.95,Paid,120.27,239.53999999999957
,05/16/2025 - 05/29/2025,,,,,,Extra Money Left Over :,,239.53999999999957
,Income: Paycheck,,,Fri May 30 2025 01:00:00 GMT-0400 (Eastern Daylight Time),,2100.51,,2100.51,2340.0499999999997
,Groceries,,,,,-254.27999999999997,N/A,1846.2300000000002,2085.7699999999995
,Cigarettes,,,,,-56.92,N/A,1789.3100000000002,2028.8499999999995
,Gas,,,,,0,N/A,1789.3100000000002,2028.8499999999995
,Entertainment,,,,,-13.99,N/A,1775.3200000000002,2014.8599999999994
,Medical,,,,,0,N/A,1775.3200000000002,2014.8599999999994
,Vehicle,,,,,0,N/A,1775.3200000000002,2014.8599999999994
,Maintenance,,,,,-48.92,N/A,1726.4,1965.9399999999994
,Debt,,,,,-48.43,N/A,1677.97,1917.5099999999993
,Holiday Gifts,,,,,0,N/A,1677.97,1917.5099999999993
,Haircut,,,,,-27,N/A,1650.97,1890.5099999999993
,Subscription - Video,,,,,-15.05,N/A,1635.92,1875.4599999999994
,Subscription - Game,,,,,0,N/A,1635.92,1875.4599999999994
,Rent,true,,Fri May 30 2025 01:00:00 GMT-0400 (Eastern Daylight Time),Sun Jun 01 2025 01:00:00 GMT-0400 (Eastern Daylight Time),-961.96,Paid,673.96,913.4999999999993
,Car Insurance,true,,Fri May 30 2025 01:00:00 GMT-0400 (Eastern Daylight Time),Sun Jun 08 2025 01:00:00 GMT-0400 (Eastern Daylight Time),-117.95,Paid,556.01,795.5499999999993
,Above Lending,true,,Mon Jun 02 2025 01:00:00 GMT-0400 (Eastern Daylight Time),Fri May 30 2025 01:00:00 GMT-0400 (Eastern Daylight Time),-86.95,Paid,469.06,708.5999999999992
,Credit Cards,true,Mission Lane,Mon Jun 02 2025 01:00:00 GMT-0400 (Eastern Daylight Time),Tue Jun 24 2025 01:00:00 GMT-0400 (Eastern Daylight Time),-200,Paid,269.06,508.5999999999992
,Credit Cards,true,Lowes,Mon Jun 02 2025 01:00:00 GMT-0400 (Eastern Daylight Time),Fri Jun 13 2025 01:00:00 GMT-0400 (Eastern Daylight Time),-50,Paid,219.06,458.5999999999992
,Credit Cards,true,Amazon,Mon Jun 02 2025 01:00:00 GMT-0400 (Eastern Daylight Time),Wed Jun 25 2025 01:00:00 GMT-0400 (Eastern Daylight Time),-50,Paid,169.06,408.5999999999992
,05/30/2025 - 06/12/2025,,,,,,Extra Money Left Over :,,408.5999999999992
,Income: Paycheck,,,Fri Jun 13 2025 01:00:00 GMT-0400 (Eastern Daylight Time),,2273.34,,2273.34,2681.9399999999996
,Groceries,,,,,-429.68,N/A,1843.66,2252.2599999999998
,Cigarettes,,,,,-45.730000000000004,N/A,1797.93,2206.5299999999997
,Gas,,,,,-34.74,N/A,1763.19,2171.79
,Entertainment,,,,,0,N/A,1763.19,2171.79
,Medical,,,,,-88.36,N/A,1674.8300000000002,2083.43
,Vehicle,,,,,0,N/A,1674.8300000000002,2083.43
,Maintenance,,,,,0,N/A,1674.8300000000002,2083.43
,Debt,,,,,-48.47,N/A,1626.3600000000001,2034.9599999999998
,Holiday Gifts,,,,,0,N/A,1626.3600000000001,2034.9599999999998
,Haircut,,,,,0,N/A,1626.3600000000001,2034.9599999999998
,Subscription - Video,,,,,-18.97,N/A,1607.39,2015.9899999999998
,Subscription - Game,,,,,0,N/A,1607.39,2015.9899999999998
,Above Lending,true,,Mon Jun 16 2025 01:00:00 GMT-0400 (Eastern Daylight Time),Fri Jun 13 2025 01:00:00 GMT-0400 (Eastern Daylight Time),-86.95,Paid,1520.44,1929.0399999999997
,Planet Fitness,true,,Tue Jun 17 2025 01:00:00 GMT-0400 (Eastern Daylight Time),Tue Jun 17 2025 01:00:00 GMT-0400 (Eastern Daylight Time),-10,Paid,1510.44,1919.0399999999997
,WPS (Gas Bill),true,,Mon Jun 16 2025 01:00:00 GMT-0400 (Eastern Daylight Time),Fri Jun 20 2025 01:00:00 GMT-0400 (Eastern Daylight Time),-47,Paid,1463.44,1872.0399999999997
,XFinity,true,,Fri Jun 13 2025 01:00:00 GMT-0400 (Eastern Daylight Time),Sun Jun 22 2025 01:00:00 GMT-0400 (Eastern Daylight Time),-112.83,Paid,1350.6100000000001,1759.2099999999998
,US Cellular,true,,Fri Jun 13 2025 01:00:00 GMT-0400 (Eastern Daylight Time),Wed Jun 25 2025 01:00:00 GMT-0400 (Eastern Daylight Time),-137.7,Paid,1212.91,1621.5099999999998
,Car Payment,true,,Mon Jun 16 2025 01:00:00 GMT-0400 (Eastern Daylight Time),Sat Jun 28 2025 01:00:00 GMT-0400 (Eastern Daylight Time),-471.27,Paid,741.6400000000001,1150.2399999999998
,MPU (Electric Bill),true,,Fri Jun 13 2025 01:00:00 GMT-0400 (Eastern Daylight Time),Thu Jul 03 2025 01:00:00 GMT-0400 (Eastern Daylight Time),-88.55,Paid,653.0900000000001,1061.6899999999998
,06/13/2025 - 06/26/2025,,,,,,Extra Money Left Over :,,1061.6899999999998
,Income: Paycheck,,,Fri Jun 27 2025 01:00:00 GMT-0400 (Eastern Daylight Time),,2297.52,,2297.52,3359.21
,Groceries,,,,,-355.73,N/A,1941.79,3003.48
,Cigarettes,,,,,-74.65,N/A,1867.1399999999999,2928.83
,Gas,,,,,-22.54,N/A,1844.6,2906.29
,Entertainment,,,,,-8.99,N/A,1835.61,2897.3
,Medical,,,,,0,N/A,1835.61,2897.3
,Vehicle,,,,,0,N/A,1835.61,2897.3
,Maintenance,,,,,-75.6,N/A,1760.01,2821.7000000000003
,Debt,,,,,-48.41,N/A,1711.6,2773.2900000000004
,Holiday Gifts,,,,,0,N/A,1711.6,2773.2900000000004
,Haircut,,,,,0,N/A,1711.6,2773.2900000000004
,Subscription - Video,,,,,0,N/A,1711.6,2773.2900000000004
,Subscription - Game,,,,,0,N/A,1711.6,2773.2900000000004
,Rent,true,,Fri Jun 27 2025 01:00:00 GMT-0400 (Eastern Daylight Time),Tue Jul 01 2025 01:00:00 GMT-0400 (Eastern Daylight Time),-1007.4,Paid,704.1999999999999,1765.8900000000003
,Car Insurance,true,,Fri Jun 27 2025 01:00:00 GMT-0400 (Eastern Daylight Time),Tue Jul 08 2025 01:00:00 GMT-0400 (Eastern Daylight Time),-117.95,Paid,586.2499999999999,1647.9400000000003
,Above Lending,true,,Mon Jun 30 2025 01:00:00 GMT-0400 (Eastern Daylight Time),Mon Jun 30 2025 01:00:00 GMT-0400 (Eastern Daylight Time),-86.95,Paid,499.2999999999999,1560.9900000000002
,Credit Cards,true,Best Buy,Mon Jun 30 2025 01:00:00 GMT-0400 (Eastern Daylight Time),Wed Jul 30 2025 01:00:00 GMT-0400 (Eastern Daylight Time),-200,Paid,299.2999999999999,1360.9900000000002
,Credit Cards,true,Mission Lane,Mon Jun 30 2025 01:00:00 GMT-0400 (Eastern Daylight Time),Thu Jul 24 2025 01:00:00 GMT-0400 (Eastern Daylight Time),-200,Paid,99.2999999999999,1160.9900000000002
,Credit Cards,true,Lowes,Mon Jun 30 2025 01:00:00 GMT-0400 (Eastern Daylight Time),Sun Jul 13 2025 01:00:00 GMT-0400 (Eastern Daylight Time),-50,Paid,49.2999999999999,1110.9900000000002
,Credit Cards,true,Amazon,Mon Jun 30 2025 01:00:00 GMT-0400 (Eastern Daylight Time),Fri Jul 25 2025 01:00:00 GMT-0400 (Eastern Daylight Time),-50,Paid,-0.7000000000001023,1060.9900000000002
,06/27/2025 - 07/10/2025,,,,,,Extra Money Left Over :,,1060.9900000000002
,Income: Paycheck,,,Fri Jul 11 2025 01:00:00 GMT-0400 (Eastern Daylight Time),,2247.11,,2247.11,3308.1000000000004
,Groceries,,,,,-249.27,N/A,1997.8400000000001,3058.8300000000004
,Cigarettes,,,,,-47.629999999999995,N/A,1950.21,3011.2000000000003
,Gas,,,,,-25.39,N/A,1924.82,2985.8100000000004
,Entertainment,,,,,0,N/A,1924.82,2985.8100000000004
,Medical,,,,,0,N/A,1924.82,2985.8100000000004
,Vehicle,,,,,0,N/A,1924.82,2985.8100000000004
,Maintenance,,,,,-14.99,N/A,1909.83,2970.8200000000006
,Debt,,,,,-48.47,N/A,1861.36,2922.350000000001
,Holiday Gifts,,,,,0,N/A,1861.36,2922.350000000001
,Haircut,,,,,0,N/A,1861.36,2922.350000000001
,Subscription - Video,,,,,-21.37,N/A,1839.99,2900.980000000001
,Subscription - Game,,,,,0,N/A,1839.99,2900.980000000001
,XFinity,true,,Fri Jul 11 2025 01:00:00 GMT-0400 (Eastern Daylight Time),Tue Jul 22 2025 01:00:00 GMT-0400 (Eastern Daylight Time),-112.83,Paid,1727.16,2788.150000000001
,US Cellular,true,,Fri Jul 11 2025 01:00:00 GMT-0400 (Eastern Daylight Time),Fri Jul 25 2025 01:00:00 GMT-0400 (Eastern Daylight Time),-137.7,Paid,1589.46,2650.450000000001
,MPU (Electric Bill),true,,Fri Jul 11 2025 01:00:00 GMT-0400 (Eastern Daylight Time),Sun Aug 03 2025 01:00:00 GMT-0400 (Eastern Daylight Time),-168.63,Paid,1420.83,2481.820000000001
,Above Lending,true,,Mon Jul 14 2025 01:00:00 GMT-0400 (Eastern Daylight Time),Mon Jul 14 2025 01:00:00 GMT-0400 (Eastern Daylight Time),-86.95,Paid,1333.8799999999999,2394.8700000000013
,WPS (Gas Bill),true,,Mon Jul 14 2025 01:00:00 GMT-0400 (Eastern Daylight Time),Sun Jul 20 2025 01:00:00 GMT-0400 (Eastern Daylight Time),-47,Paid,1286.8799999999999,2347.8700000000013
,Car Payment,true,,Mon Jul 14 2025 01:00:00 GMT-0400 (Eastern Daylight Time),Mon Jul 28 2025 01:00:00 GMT-0400 (Eastern Daylight Time),-471.27,Paid,815.6099999999999,1876.6000000000013
,Planet Fitness,true,,Thu Jul 17 2025 01:00:00 GMT-0400 (Eastern Daylight Time),Thu Jul 17 2025 01:00:00 GMT-0400 (Eastern Daylight Time),-10,Paid,805.6099999999999,1866.6000000000013
,07/11/2025 - 07/24/2025,,,,,,Extra Money Left Over :,,1866.6000000000013
,Income: Paycheck,,,07/25/2025,,2000,,1400,3866.6000000000013
,Groceries,,,,,0,N/A,1400,3866.6000000000013
,Cigarettes,,,,,0,N/A,1400,3866.6000000000013
,Gas,,,,,0,N/A,1400,3866.6000000000013
,Entertainment,,,,,0,N/A,1400,3866.6000000000013
,Medical,,,,,0,N/A,1400,3866.6000000000013
,Vehicle,,,,,0,N/A,1400,3866.6000000000013
,Maintenance,,,,,0,N/A,1400,3866.6000000000013
,Debt,,,,,0,N/A,1400,3866.6000000000013
,Holiday Gifts,,,,,0,N/A,1400,3866.6000000000013
,Haircut,,,,,0,N/A,1400,3866.6000000000013
,Subscription - Video,,,,,0,N/A,1400,3866.6000000000013
,Subscription - Game,,,,,0,N/A,1400,3866.6000000000013
,Rent,false,,07/25/2025,08/01/2025,-961.96,Pending,438.03999999999996,2904.6400000000012
,Car Insurance,false,,07/25/2025,08/08/2025,-117.95,Pending,320.09,2786.6900000000014
,Above Lending,false,,Mon Jul 28 2025 01:00:00 GMT-0400 (Eastern Daylight Time),07/25/2025,-86.95,Pending,233.14,2699.7400000000016
,Credit Cards,false,Mission Lane ($2373.99),Mon Jul 28 2025 01:00:00 GMT-0400 (Eastern Daylight Time),08/24/2025,-200,Pending,33.139999999999986,2499.7400000000016
,Credit Cards,false,Lowes ($924.14),Mon Jul 28 2025 01:00:00 GMT-0400 (Eastern Daylight Time),08/13/2025,-50,Pending,-16.860000000000014,2449.7400000000016
,Credit Cards,false,Best Buy ($1509.03),Mon Jul 28 2025 01:00:00 GMT-0400 (Eastern Daylight Time),Wed Aug 13 2025 01:00:00 GMT-0400 (Eastern Daylight Time),-50,Pending,-66.86000000000001,2399.7400000000016
,Credit Cards,false,Amazon ($978.87),Mon Jul 28 2025 01:00:00 GMT-0400 (Eastern Daylight Time),08/25/2025,-50,Pending,-116.86000000000001,2349.7400000000016
,07/25/2025 - 08/07/2025,,,,,,Extra Money Left Over :,,2349.7400000000016
,Income: Paycheck,,,08/08/2025,,1400,,1400,3749.7400000000016
,Groceries,,,,,0,N/A,1400,3749.7400000000016
,Cigarettes,,,,,0,N/A,1400,3749.7400000000016
,Gas,,,,,0,N/A,1400,3749.7400000000016
,Entertainment,,,,,0,N/A,1400,3749.7400000000016
,Medical,,,,,0,N/A,1400,3749.7400000000016
,Vehicle,,,,,0,N/A,1400,3749.7400000000016
,Maintenance,,,,,0,N/A,1400,3749.7400000000016
,Debt,,,,,0,N/A,1400,3749.7400000000016
,Holiday Gifts,,,,,0,N/A,1400,3749.7400000000016
,Haircut,,,,,0,N/A,1400,3749.7400000000016
,Subscription - Video,,,,,0,N/A,1400,3749.7400000000016
,Subscription - Game,,,,,0,N/A,1400,3749.7400000000016
,XFinity,false,,08/08/2025,08/22/2025,-112.83,Pending,1287.17,3636.9100000000017
,US Cellular,false,,08/08/2025,08/25/2025,-137.7,Pending,1149.47,3499.210000000002
,MPU (Electric Bill),false,,08/08/2025,09/03/2025,-88.55,Pending,1060.92,3410.6600000000017
,Above Lending,false,,Mon Aug 11 2025 01:00:00 GMT-0400 (Eastern Daylight Time),08/08/2025,-86.95,Pending,973.97,3323.710000000002
,WPS (Gas Bill),false,,Mon Aug 11 2025 01:00:00 GMT-0400 (Eastern Daylight Time),08/20/2025,-47,Pending,926.97,3276.710000000002
,Car Payment,false,,Mon Aug 11 2025 01:00:00 GMT-0400 (Eastern Daylight Time),08/28/2025,-471.27,Pending,455.70000000000005,2805.440000000002
,Planet Fitness,false,,08/17/2025,08/17/2025,-10,Pending,445.70000000000005,2795.440000000002
,08/08/2025 - 08/21/2025,,,,,,Extra Money Left Over :,,2795.440000000002
,Income: Paycheck,,,08/22/2025,,1400,,1400,4195.440000000002
,Groceries,,,,,0,N/A,1400,4195.440000000002
,Cigarettes,,,,,0,N/A,1400,4195.440000000002
,Gas,,,,,0,N/A,1400,4195.440000000002
,Entertainment,,,,,0,N/A,1400,4195.440000000002
,Medical,,,,,0,N/A,1400,4195.440000000002
,Vehicle,,,,,0,N/A,1400,4195.440000000002
,Maintenance,,,,,0,N/A,1400,4195.440000000002
,Debt,,,,,0,N/A,1400,4195.440000000002
,Holiday Gifts,,,,,0,N/A,1400,4195.440000000002
,Haircut,,,,,0,N/A,1400,4195.440000000002
,Subscription - Video,,,,,0,N/A,1400,4195.440000000002
,Subscription - Game,,,,,0,N/A,1400,4195.440000000002
,Rent,false,,08/22/2025,09/01/2025,-961.96,Pending,438.03999999999996,3233.4800000000023
,Car Insurance,false,,08/22/2025,09/08/2025,-117.95,Pending,320.09,3115.5300000000025
,Above Lending,false,,Mon Aug 25 2025 01:00:00 GMT-0400 (Eastern Daylight Time),08/22/2025,-86.95,Pending,233.14,3028.5800000000027
,Credit Cards,false,Mission Lane,Mon Aug 25 2025 01:00:00 GMT-0400 (Eastern Daylight Time),08/24/2025,-200,Pending,33.139999999999986,2828.5800000000027
,Credit Cards,false,Lowes,Mon Aug 25 2025 01:00:00 GMT-0400 (Eastern Daylight Time),08/13/2025,-50,Pending,-16.860000000000014,2778.5800000000027
,Credit Cards,false,Amazon,Mon Aug 25 2025 01:00:00 GMT-0400 (Eastern Daylight Time),08/25/2025,-50,Pending,-66.86000000000001,2728.5800000000027
,08/22/2025 - 09/04/2025,,,,,,Extra Money Left Over :,,2728.5800000000027
,Income: Paycheck,,,09/05/2025,,1400,,1400,4128.580000000003
,Groceries,,,,,0,N/A,1400,4128.580000000003
,Cigarettes,,,,,0,N/A,1400,4128.580000000003
,Gas,,,,,0,N/A,1400,4128.580000000003
,Entertainment,,,,,0,N/A,1400,4128.580000000003
,Medical,,,,,0,N/A,1400,4128.580000000003
,Vehicle,,,,,0,N/A,1400,4128.580000000003
,Maintenance,,,,,0,N/A,1400,4128.580000000003
,Debt,,,,,0,N/A,1400,4128.580000000003
,Holiday Gifts,,,,,0,N/A,1400,4128.580000000003
,Haircut,,,,,0,N/A,1400,4128.580000000003
,Subscription - Video,,,,,0,N/A,1400,4128.580000000003
,Subscription - Game,,,,,0,N/A,1400,4128.580000000003
,XFinity,false,,09/05/2025,09/22/2025,-112.83,Pending,1287.17,4015.7500000000027
,US Cellular,false,,09/05/2025,09/25/2025,-137.7,Pending,1149.47,3878.050000000003
,MPU (Electric Bill),false,,09/05/2025,10/03/2025,-88.55,Pending,1060.92,3789.5000000000027
,Above Lending,false,,Mon Sep 08 2025 01:00:00 GMT-0400 (Eastern Daylight Time),09/05/2025,-86.95,Pending,973.97,3702.550000000003
,WPS (Gas Bill),false,,Mon Sep 08 2025 01:00:00 GMT-0400 (Eastern Daylight Time),09/20/2025,-47,Pending,926.97,3655.550000000003
,Car Payment,false,,Mon Sep 08 2025 01:00:00 GMT-0400 (Eastern Daylight Time),09/28/2025,-471.27,Pending,455.70000000000005,3184.280000000003
,Planet Fitness,false,,09/17/2025,09/17/2025,-10,Pending,445.70000000000005,3174.280000000003
,09/05/2025 - 09/18/2025,,,,,,Extra Money Left Over :,,3174.280000000003
,Income: Paycheck,,,09/19/2025,,1400,,1400,4574.2800000000025
,Groceries,,,,,0,N/A,1400,4574.2800000000025
,Cigarettes,,,,,0,N/A,1400,4574.2800000000025
,Gas,,,,,0,N/A,1400,4574.2800000000025
,Entertainment,,,,,0,N/A,1400,4574.2800000000025
,Medical,,,,,0,N/A,1400,4574.2800000000025
,Vehicle,,,,,0,N/A,1400,4574.2800000000025
,Maintenance,,,,,0,N/A,1400,4574.2800000000025
,Debt,,,,,0,N/A,1400,4574.2800000000025
,Holiday Gifts,,,,,0,N/A,1400,4574.2800000000025
,Haircut,,,,,0,N/A,1400,4574.2800000000025
,Subscription - Video,,,,,0,N/A,1400,4574.2800000000025
,Subscription - Game,,,,,0,N/A,1400,4574.2800000000025
,Rent,false,,09/19/2025,10/01/2025,-961.96,Pending,438.03999999999996,3612.3200000000024
,Car Insurance,false,,09/19/2025,10/08/2025,-117.95,Pending,320.09,3494.3700000000026
,Above Lending,false,,Mon Sep 22 2025 01:00:00 GMT-0400 (Eastern Daylight Time),09/19/2025,-86.95,Pending,233.14,3407.420000000003
,Credit Cards,false,Mission Lane,Mon Sep 22 2025 01:00:00 GMT-0400 (Eastern Daylight Time),09/24/2025,-200,Pending,33.139999999999986,3207.420000000003
,Credit Cards,false,Lowes,Mon Sep 22 2025 01:00:00 GMT-0400 (Eastern Daylight Time),09/13/2025,-50,Pending,-16.860000000000014,3157.420000000003
,Credit Cards,false,Amazon,Mon Sep 22 2025 01:00:00 GMT-0400 (Eastern Daylight Time),09/25/2025,-50,Pending,-66.86000000000001,3107.420000000003
,09/19/2025 - 10/02/2025,,,,,,Extra Money Left Over :,,3107.420000000003
,Income: Paycheck,,,10/03/2025,,1400,,1400,4507.420000000003
,Groceries,,,,,0,N/A,1400,4507.420000000003
,Cigarettes,,,,,0,N/A,1400,4507.420000000003
,Gas,,,,,0,N/A,1400,4507.420000000003
,Entertainment,,,,,0,N/A,1400,4507.420000000003
,Medical,,,,,0,N/A,1400,4507.420000000003
,Vehicle,,,,,0,N/A,1400,4507.420000000003
,Maintenance,,,,,0,N/A,1400,4507.420000000003
,Debt,,,,,0,N/A,1400,4507.420000000003
,Holiday Gifts,,,,,0,N/A,1400,4507.420000000003
,Haircut,,,,,0,N/A,1400,4507.420000000003
,Subscription - Video,,,,,0,N/A,1400,4507.420000000003
,Subscription - Game,,,,,0,N/A,1400,4507.420000000003
,XFinity,false,,10/03/2025,10/22/2025,-112.83,Pending,1287.17,4394.590000000003
,US Cellular,false,,10/03/2025,10/25/2025,-137.7,Pending,1149.47,4256.890000000003
,MPU (Electric Bill),false,,10/03/2025,11/03/2025,-88.55,Pending,1060.92,4168.340000000003
,Above Lending,false,,Mon Oct 06 2025 01:00:00 GMT-0400 (Eastern Daylight Time),10/03/2025,-86.95,Pending,973.97,4081.390000000003
,WPS (Gas Bill),false,,Mon Oct 06 2025 01:00:00 GMT-0400 (Eastern Daylight Time),10/20/2025,-47,Pending,926.97,4034.390000000003
,Car Payment,false,,Mon Oct 06 2025 01:00:00 GMT-0400 (Eastern Daylight Time),10/28/2025,-471.27,Pending,455.70000000000005,3563.120000000003
,Planet Fitness,false,,10/17/2025,10/17/2025,-10,Pending,445.70000000000005,3553.120000000003
,10/03/2025 - 10/16/2025,,,,,,Extra Money Left Over :,,3553.120000000003
,Income: Paycheck,,,10/17/2025,,1400,,1400,4953.120000000003
,Groceries,,,,,0,N/A,1400,4953.120000000003
,Cigarettes,,,,,0,N/A,1400,4953.120000000003
,Gas,,,,,0,N/A,1400,4953.120000000003
,Entertainment,,,,,0,N/A,1400,4953.120000000003
,Medical,,,,,0,N/A,1400,4953.120000000003
,Vehicle,,,,,0,N/A,1400,4953.120000000003
,Maintenance,,,,,0,N/A,1400,4953.120000000003
,Debt,,,,,0,N/A,1400,4953.120000000003
,Holiday Gifts,,,,,0,N/A,1400,4953.120000000003
,Haircut,,,,,0,N/A,1400,4953.120000000003
,Subscription - Video,,,,,0,N/A,1400,4953.120000000003
,Subscription - Game,,,,,0,N/A,1400,4953.120000000003
,Rent,false,,10/17/2025,11/01/2025,-961.96,Pending,438.03999999999996,3991.1600000000026
,Car Insurance,false,,10/17/2025,11/08/2025,-117.95,Pending,320.09,3873.2100000000028
,Above Lending,false,,Mon Oct 20 2025 01:00:00 GMT-0400 (Eastern Daylight Time),10/17/2025,-86.95,Pending,233.14,3786.260000000003
,Credit Cards,false,Mission Lane,Mon Oct 20 2025 01:00:00 GMT-0400 (Eastern Daylight Time),10/24/2025,-200,Pending,33.139999999999986,3586.260000000003
,Credit Cards,false,Lowes,Mon Oct 20 2025 01:00:00 GMT-0400 (Eastern Daylight Time),10/13/2025,-50,Pending,-16.860000000000014,3536.260000000003
,Credit Cards,false,Amazon,Mon Oct 20 2025 01:00:00 GMT-0400 (Eastern Daylight Time),10/25/2025,-50,Pending,-66.86000000000001,3486.260000000003
,10/17/2025 - 10/30/2025,,,,,,Extra Money Left Over :,,3486.260000000003
,Income: Paycheck,,,10/31/2025,,1400,,1400,4886.260000000003
,Groceries,,,,,0,N/A,1400,4886.260000000003
,Cigarettes,,,,,0,N/A,1400,4886.260000000003
,Gas,,,,,0,N/A,1400,4886.260000000003
,Entertainment,,,,,0,N/A,1400,4886.260000000003
,Medical,,,,,0,N/A,1400,4886.260000000003
,Vehicle,,,,,0,N/A,1400,4886.260000000003
,Maintenance,,,,,0,N/A,1400,4886.260000000003
,Debt,,,,,0,N/A,1400,4886.260000000003
,Holiday Gifts,,,,,0,N/A,1400,4886.260000000003
,Haircut,,,,,0,N/A,1400,4886.260000000003
,Subscription - Video,,,,,0,N/A,1400,4886.260000000003
,Subscription - Game,,,,,0,N/A,1400,4886.260000000003
,XFinity,false,,10/31/2025,11/22/2025,-112.83,Pending,1287.17,4773.430000000003
,US Cellular,false,,10/31/2025,11/25/2025,-137.7,Pending,1149.47,4635.730000000003
,MPU (Electric Bill),false,,10/31/2025,12/03/2025,-88.55,Pending,1060.92,4547.180000000003
,Above Lending,false,,Mon Nov 03 2025 01:00:00 GMT-0500 (Eastern Standard Time),10/31/2025,-86.95,Pending,973.97,4460.230000000003
,WPS (Gas Bill),false,,Mon Nov 03 2025 01:00:00 GMT-0500 (Eastern Standard Time),11/20/2025,-47,Pending,926.97,4413.230000000003
,Car Payment,false,,Mon Nov 03 2025 01:00:00 GMT-0500 (Eastern Standard Time),11/28/2025,-471.27,Pending,455.70000000000005,3941.960000000003
,Planet Fitness,false,,11/17/2025,11/17/2025,-10,Pending,445.70000000000005,3931.960000000003
,10/31/2025 - 11/13/2025,,,,,,Extra Money Left Over :,,3931.960000000003
,Income: Paycheck,,,11/14/2025,,1400,,1400,5331.960000000003
,Groceries,,,,,0,N/A,1400,5331.960000000003
,Cigarettes,,,,,0,N/A,1400,5331.960000000003
,Gas,,,,,0,N/A,1400,5331.960000000003
,Entertainment,,,,,0,N/A,1400,5331.960000000003
,Medical,,,,,0,N/A,1400,5331.960000000003
,Vehicle,,,,,0,N/A,1400,5331.960000000003
,Maintenance,,,,,0,N/A,1400,5331.960000000003
,Debt,,,,,0,N/A,1400,5331.960000000003
,Holiday Gifts,,,,,0,N/A,1400,5331.960000000003
,Haircut,,,,,0,N/A,1400,5331.960000000003
,Subscription - Video,,,,,0,N/A,1400,5331.960000000003
,Subscription - Game,,,,,0,N/A,1400,5331.960000000003
,Rent,false,,11/14/2025,12/01/2025,-961.96,Pending,438.03999999999996,4370.000000000003
,Car Insurance,false,,11/14/2025,12/08/2025,-117.95,Pending,320.09,4252.050000000003
,Above Lending,false,,Mon Nov 17 2025 01:00:00 GMT-0500 (Eastern Standard Time),11/14/2025,-86.95,Pending,233.14,4165.100000000003
,Credit Cards,false,Mission Lane,Mon Nov 17 2025 01:00:00 GMT-0500 (Eastern Standard Time),11/24/2025,-200,Pending,33.139999999999986,3965.100000000003
,Credit Cards,false,Lowes,Mon Nov 17 2025 01:00:00 GMT-0500 (Eastern Standard Time),11/13/2025,-50,Pending,-16.860000000000014,3915.100000000003
,Credit Cards,false,Amazon,Mon Nov 17 2025 01:00:00 GMT-0500 (Eastern Standard Time),11/25/2025,-50,Pending,-66.86000000000001,3865.100000000003
,11/14/2025 - 11/27/2025,,,,,,Extra Money Left Over :,,3865.100000000003
,Income: Paycheck,,,11/28/2025,,1400,,1400,5265.100000000003
,Groceries,,,,,0,N/A,1400,5265.100000000003
,Cigarettes,,,,,0,N/A,1400,5265.100000000003
,Gas,,,,,0,N/A,1400,5265.100000000003
,Entertainment,,,,,0,N/A,1400,5265.100000000003
,Medical,,,,,0,N/A,1400,5265.100000000003
,Vehicle,,,,,0,N/A,1400,5265.100000000003
,Maintenance,,,,,0,N/A,1400,5265.100000000003
,Debt,,,,,0,N/A,1400,5265.100000000003
,Holiday Gifts,,,,,0,N/A,1400,5265.100000000003
,Haircut,,,,,0,N/A,1400,5265.100000000003
,Subscription - Video,,,,,0,N/A,1400,5265.100000000003
,Subscription - Game,,,,,0,N/A,1400,5265.100000000003
,XFinity,false,,11/28/2025,12/22/2025,-112.83,Pending,1287.17,5152.270000000003
,US Cellular,false,,11/28/2025,12/25/2025,-137.7,Pending,1149.47,5014.570000000003
,MPU (Electric Bill),false,,11/28/2025,01/03/2026,-88.55,Pending,1060.92,4926.020000000003
,Above Lending,false,,Mon Dec 01 2025 01:00:00 GMT-0500 (Eastern Standard Time),11/28/2025,-86.95,Pending,973.97,4839.070000000003
,WPS (Gas Bill),false,,Mon Dec 01 2025 01:00:00 GMT-0500 (Eastern Standard Time),12/20/2025,-47,Pending,926.97,4792.070000000003
,Car Payment,false,,Mon Dec 01 2025 01:00:00 GMT-0500 (Eastern Standard Time),12/28/2025,-471.27,Pending,455.70000000000005,4320.800000000003
,Planet Fitness,false,,12/17/2025,12/17/2025,-10,Pending,445.70000000000005,4310.800000000003
,11/28/2025 - 12/11/2025,,,,,,Extra Money Left Over :,,4310.800000000003
,Income: Paycheck,,,12/12/2025,,1400,,1400,5710.800000000003
,Groceries,,,,,0,N/A,1400,5710.800000000003
,Cigarettes,,,,,0,N/A,1400,5710.800000000003
,Gas,,,,,0,N/A,1400,5710.800000000003
,Entertainment,,,,,0,N/A,1400,5710.800000000003
,Medical,,,,,0,N/A,1400,5710.800000000003
,Vehicle,,,,,0,N/A,1400,5710.800000000003
,Maintenance,,,,,0,N/A,1400,5710.800000000003
,Debt,,,,,0,N/A,1400,5710.800000000003
,Holiday Gifts,,,,,0,N/A,1400,5710.800000000003
,Haircut,,,,,0,N/A,1400,5710.800000000003
,Subscription - Video,,,,,0,N/A,1400,5710.800000000003
,Subscription - Game,,,,,0,N/A,1400,5710.800000000003
,Rent,false,,12/12/2025,01/01/2026,-961.96,Pending,438.03999999999996,4748.840000000003
,Car Insurance,false,,12/12/2025,01/08/2026,-117.95,Pending,320.09,4630.890000000003
,Above Lending,false,,Mon Dec 15 2025 01:00:00 GMT-0500 (Eastern Standard Time),12/12/2025,-86.95,Pending,233.14,4543.940000000003
,Credit Cards,false,Mission Lane,Mon Dec 15 2025 01:00:00 GMT-0500 (Eastern Standard Time),12/24/2025,-200,Pending,33.139999999999986,4343.940000000003
,Credit Cards,false,Lowes,Mon Dec 15 2025 01:00:00 GMT-0500 (Eastern Standard Time),12/13/2025,-50,Pending,-16.860000000000014,4293.940000000003
,Credit Cards,false,Amazon,Mon Dec 15 2025 01:00:00 GMT-0500 (Eastern Standard Time),12/25/2025,-50,Pending,-66.86000000000001,4243.940000000003
,12/12/2025 - 12/25/2025,,,,,,Extra Money Left Over :,,4243.940000000003
,Income: Paycheck,,,12/26/2025,,1400,,1400,5643.940000000003
,Groceries,,,,,0,N/A,1400,5643.940000000003
,Cigarettes,,,,,0,N/A,1400,5643.940000000003
,Gas,,,,,0,N/A,1400,5643.940000000003
,Entertainment,,,,,0,N/A,1400,5643.940000000003
,Medical,,,,,0,N/A,1400,5643.940000000003
,Vehicle,,,,,0,N/A,1400,5643.940000000003
,Maintenance,,,,,0,N/A,1400,5643.940000000003
,Debt,,,,,0,N/A,1400,5643.940000000003
,Holiday Gifts,,,,,0,N/A,1400,5643.940000000003
,Haircut,,,,,0,N/A,1400,5643.940000000003
,Subscription - Video,,,,,0,N/A,1400,5643.940000000003
,Subscription - Game,,,,,0,N/A,1400,5643.940000000003
,XFinity,false,,12/26/2025,01/22/2026,-112.83,Pending,1287.17,5531.110000000003
,US Cellular,false,,12/26/2025,01/25/2026,-137.7,Pending,1149.47,5393.4100000000035
,MPU (Electric Bill),false,,12/26/2025,02/03/2026,-88.55,Pending,1060.92,5304.860000000003
,Above Lending,false,,Mon Dec 29 2025 01:00:00 GMT-0500 (Eastern Standard Time),12/26/2025,-86.95,Pending,973.97,5217.9100000000035
,WPS (Gas Bill),false,,Mon Dec 29 2025 01:00:00 GMT-0500 (Eastern Standard Time),01/20/2026,-47,Pending,926.97,5170.9100000000035
,Car Payment,false,,Mon Dec 29 2025 01:00:00 GMT-0500 (Eastern Standard Time),01/28/2026,-471.27,Pending,455.70000000000005,4699.640000000003
,Planet Fitness,false,,01/17/2026,01/17/2026,-10,Pending,445.70000000000005,4689.640000000003
,12/26/2025 - 01/08/2026,,,,,,Extra Money Left Over :,,4689.640000000003