,Bill,Description,Withdrawl Date,Withdrawl Date,Minimum Due,Check Balance,Checking Balance
,Income: Paycheck,RECIEVED,Fri Jan 13 2023 01:00:00 GMT-0500 (Eastern Standard Time),Fri Jan 13 2023 01:00:00 GMT-0500 (Eastern Standard Time),1052.15,1052.15,1134.5900000000001
,Groceries,,,,-27.14,1025.01,1107.45
,Cigarettes,,,,-23.15,1001.86,1084.3
,Gas,,,,0,1001.86,1084.3
,Entertainment,,,,-5.76,996.1,1078.54
,Medical,Vyvanse / Prozasin Refills,,,0,996.1,1078.54
,Vehicle,Oil Change,,,-216.68,779.4200000000001,861.8599999999999
,Maintenance,Phone Screen Repair,,,-26.259999999999998,753.1600000000001,835.5999999999999
,Above Lending,,Tue Jan 17 2023 01:00:00 GMT-0500 (Eastern Standard Time),Tue Jan 17 2023 01:00:00 GMT-0500 (Eastern Standard Time),-86.96,666.2,748.6399999999999
,Planet Fitness,,Tue Jan 17 2023 01:00:00 GMT-0500 (Eastern Standard Time),Tue Jan 17 2023 01:00:00 GMT-0500 (Eastern Standard Time),-10,656.2,738.6399999999999
,Car Payment,Half January Payment,Tue Jan 17 2023 01:00:00 GMT-0500 (Eastern Standard Time),Tue Jan 17 2023 01:00:00 GMT-0500 (Eastern Standard Time),-157.5,498.70000000000005,581.1399999999999
,WPS (Gas Bill),,Tue Jan 17 2023 01:00:00 GMT-0500 (Eastern Standard Time),Tue Jan 17 2023 01:00:00 GMT-0500 (Eastern Standard Time),-62,436.70000000000005,519.1399999999999
,US Cellular,Half January Payment,Sat Jan 14 2023 01:00:00 GMT-0500 (Eastern Standard Time),Sat Jan 14 2023 01:00:00 GMT-0500 (Eastern Standard Time),-80.785,355.9150000000001,438.3549999999999
,Credit Cards,,Tue Jan 17 2023 01:00:00 GMT-0500 (Eastern Standard Time),Tue Jan 17 2023 01:00:00 GMT-0500 (Eastern Standard Time),-30,325.9150000000001,408.3549999999999
,1/13/2023 - 1/26/2023,Extra Money Left Over : ,,,,,408.3549999999999
,Income: Paycheck,RECIEVED,Fri Jan 27 2023 01:00:00 GMT-0500 (Eastern Standard Time),Fri Jan 27 2023 01:00:00 GMT-0500 (Eastern Standard Time),1305.26,1305.26,1456.93
,Tax Return (State),State Tax Return,Fri Feb 03 2023 01:00:00 GMT-0500 (Eastern Standard Time),Fri Feb 03 2023 01:00:00 GMT-0500 (Eastern Standard Time),504,1809.26,1960.93
,Groceries,,,,-179.3,1629.96,1781.63
,Cigarettes,,,,-29.38,1600.58,1752.25
,Gas,,,,-67.87,1532.71,1684.38
,Entertainment,,,,-10.49,1522.22,1673.89
,Medical,,,,0,1522.22,1673.89
,Vehicle,,,,-12,1510.22,1661.89
,Maintenance,,,,0,1510.22,1661.89
,Debt,Affirm Payments,,,-135.35,1374.8700000000001,1526.5400000000002
,Rent,,Fri Jan 27 2023 01:00:00 GMT-0500 (Eastern Standard Time),Fri Jan 27 2023 01:00:00 GMT-0500 (Eastern Standard Time),-923.1,451.7700000000001,603.4400000000002
,Car Payment,2nd Half January Payment,Sat Jan 28 2023 01:00:00 GMT-0500 (Eastern Standard Time),Sat Jan 28 2023 01:00:00 GMT-0500 (Eastern Standard Time),-157.5,294.2700000000001,445.94000000000017
,XFinity,,Sat Jan 28 2023 01:00:00 GMT-0500 (Eastern Standard Time),Sat Jan 28 2023 01:00:00 GMT-0500 (Eastern Standard Time),-75.75,218.5200000000001,370.19000000000017
,US Cellular,2nd Half January Payment,Sat Jan 28 2023 01:00:00 GMT-0500 (Eastern Standard Time),Sat Jan 28 2023 01:00:00 GMT-0500 (Eastern Standard Time),-67.44,151.0800000000001,302.75000000000017
,Car Insurance,,Sat Jan 28 2023 01:00:00 GMT-0500 (Eastern Standard Time),Sat Jan 28 2023 01:00:00 GMT-0500 (Eastern Standard Time),-60.95,90.1300000000001,241.80000000000018
,Renter's Insurance,,Sat Jan 28 2023 01:00:00 GMT-0500 (Eastern Standard Time),Sat Jan 28 2023 01:00:00 GMT-0500 (Eastern Standard Time),-13.65,76.48000000000009,228.15000000000018
,Above Lending,,Mon Jan 30 2023 01:00:00 GMT-0500 (Eastern Standard Time),Mon Jan 30 2023 01:00:00 GMT-0500 (Eastern Standard Time),-86.95,-10.469999999999914,141.20000000000016
,Subscription - Video,(Includes HIDive Sub),Tue Jan 31 2023 01:00:00 GMT-0500 (Eastern Standard Time),Tue Jan 31 2023 01:00:00 GMT-0500 (Eastern Standard Time),-20.28,-30.749999999999915,120.92000000000016
,Subscription - Game,,Mon Feb 06 2023 01:00:00 GMT-0500 (Eastern Standard Time),Mon Feb 06 2023 01:00:00 GMT-0500 (Eastern Standard Time),-14.99,-45.73999999999992,105.93000000000016
,1/27/2023 - 2/09/2023,Extra Money Left Over : ,,,,,105.93000000000016
,Income: Paycheck,RECIEVED,Fri Feb 10 2023 01:00:00 GMT-0500 (Eastern Standard Time),Fri Feb 10 2023 01:00:00 GMT-0500 (Eastern Standard Time),1477.33,1477.33,1583.08
,Groceries,,,,-232.70999999999998,1244.62,1350.37
,Cigarettes,,,,-46.81,1197.81,1303.56
,Gas,,,,0,1197.81,1303.56
,Entertainment,,,,-262.06,935.75,1041.5
,Medical,,,,-10,925.75,1031.5
,Vehicle,Oil Change / Cabin Filter / Engine Cleaning,,,-103.47,822.28,928.03
,Maintenance,,,,-59.940000000000005,762.3399999999999,868.0899999999999
,Debt,Affirm Payments,,,-144.29999999999998,618.04,723.79
,Car Payment,,Sat Feb 11 2023 01:00:00 GMT-0500 (Eastern Standard Time),Sat Feb 11 2023 01:00:00 GMT-0500 (Eastern Standard Time),-303.90999999999997,314.13,419.88
,US Cellular,,Sat Feb 11 2023 01:00:00 GMT-0500 (Eastern Standard Time),Sat Feb 11 2023 01:00:00 GMT-0500 (Eastern Standard Time),-171.7,142.43,248.18
,MPU (Electric Bill),,Sat Feb 11 2023 01:00:00 GMT-0500 (Eastern Standard Time),Sat Feb 11 2023 01:00:00 GMT-0500 (Eastern Standard Time),-57.61,84.82000000000001,190.57
,Above Lending,,Tue Feb 14 2023 01:00:00 GMT-0500 (Eastern Standard Time),Tue Feb 14 2023 01:00:00 GMT-0500 (Eastern Standard Time),-86.95,-2.1299999999999955,103.61999999999999
,WPS (Gas Bill),,Tue Feb 14 2023 01:00:00 GMT-0500 (Eastern Standard Time),Tue Feb 14 2023 01:00:00 GMT-0500 (Eastern Standard Time),-62,-64.13,41.61999999999999
,Credit Cards,,Tue Feb 14 2023 01:00:00 GMT-0500 (Eastern Standard Time),Tue Feb 14 2023 01:00:00 GMT-0500 (Eastern Standard Time),-30,-94.13,11.61999999999999
,Planet Fitness,,Fri Feb 17 2023 01:00:00 GMT-0500 (Eastern Standard Time),Fri Feb 17 2023 01:00:00 GMT-0500 (Eastern Standard Time),-10,-104.13,1.6199999999999903
,2/10/2023 - 2/23/2023,Extra Money Left Over : ,,,,,1.6199999999999903
,Income: Paycheck,RECIEVED,Fri Feb 24 2023 01:00:00 GMT-0500 (Eastern Standard Time),Fri Feb 24 2023 01:00:00 GMT-0500 (Eastern Standard Time),1415.1,1415.1,1416.7199999999998
,Groceries,,,,-118.08,1297.02,1298.6399999999999
,Cigarettes,,,,-58.85,1238.17,1239.79
,Gas,,,,-34.4,1203.77,1205.3899999999999
,Entertainment,,,,-4.95,1198.82,1200.4399999999998
,Medical,,,,-40,1158.82,1160.4399999999998
,Vehicle,,,,0,1158.82,1160.4399999999998
,Maintenance,,,,-12.09,1146.73,1148.35
,Debt,Affirm Payments (Skip),,,0,1146.73,1148.35
,Renter's Insurance,,Fri Feb 24 2023 01:00:00 GMT-0500 (Eastern Standard Time),Fri Feb 24 2023 01:00:00 GMT-0500 (Eastern Standard Time),-13.65,1133.08,1134.6999999999998
,Rent,Water Included,Mon Feb 27 2023 01:00:00 GMT-0500 (Eastern Standard Time),Mon Feb 27 2023 01:00:00 GMT-0500 (Eastern Standard Time),-919.54,213.53999999999996,215.15999999999985
,Above Lending,,Mon Feb 27 2023 01:00:00 GMT-0500 (Eastern Standard Time),Mon Feb 27 2023 01:00:00 GMT-0500 (Eastern Standard Time),-86.95,126.58999999999996,128.20999999999987
,Subscription - Video,,Wed Mar 01 2023 01:00:00 GMT-0500 (Eastern Standard Time),Wed Mar 01 2023 01:00:00 GMT-0500 (Eastern Standard Time),-15.04,111.54999999999995,113.16999999999987
,2/24/2023 - 3/09/2023,Extra Money Left Over : ,,,,,2.15
,Income: Paycheck,RECIEVED,Fri Mar 10 2023 01:00:00 GMT-0500 (Eastern Standard Time),Fri Mar 10 2023 01:00:00 GMT-0500 (Eastern Standard Time),1262.28,1262.28,1264.43
,Groceries,,,,-128.92000000000002,1133.36,1135.51
,Cigarettes,,,,-46.849999999999994,1086.51,1088.66
,Gas,,,,-26.24,1060.27,1062.42
,Entertainment,,,,-30.889999999999997,1029.3799999999999,1031.53
,Medical,,,,0,1029.3799999999999,1031.53
,Vehicle,,,,0,1029.3799999999999,1031.53
,Maintenance,,,,0,1029.3799999999999,1031.53
,Debt,,,,-8.95,1020.4299999999998,1022.5799999999999
,XFinity,,Fri Mar 10 2023 01:00:00 GMT-0500 (Eastern Standard Time),Fri Mar 10 2023 01:00:00 GMT-0500 (Eastern Standard Time),-94.45,925.9799999999998,928.1299999999999
,Car Insurance,,Fri Mar 10 2023 01:00:00 GMT-0500 (Eastern Standard Time),Fri Mar 10 2023 01:00:00 GMT-0500 (Eastern Standard Time),-60.95,865.0299999999997,867.1799999999998
,MPU (Electric Bill),,Fri Mar 10 2023 01:00:00 GMT-0500 (Eastern Standard Time),Fri Mar 10 2023 01:00:00 GMT-0500 (Eastern Standard Time),-52.58,812.4499999999997,814.5999999999998
,US Cellular,,Sun Mar 12 2023 01:00:00 GMT-0500 (Eastern Standard Time),Sun Mar 12 2023 01:00:00 GMT-0500 (Eastern Standard Time),-238.14,574.3099999999997,576.4599999999998
,Car Payment,,Tue Mar 14 2023 01:00:00 GMT-0400 (Eastern Daylight Time),Tue Mar 14 2023 01:00:00 GMT-0400 (Eastern Daylight Time),-298.96,275.34999999999974,277.49999999999983
,Above Lending,,Tue Mar 14 2023 01:00:00 GMT-0400 (Eastern Daylight Time),Tue Mar 14 2023 01:00:00 GMT-0400 (Eastern Daylight Time),-86.95,188.39999999999975,190.54999999999984
,WPS (Gas Bill),,Tue Mar 14 2023 01:00:00 GMT-0400 (Eastern Daylight Time),Tue Mar 14 2023 01:00:00 GMT-0400 (Eastern Daylight Time),-62,126.39999999999975,128.54999999999984
,Credit Cards,,Tue Mar 14 2023 01:00:00 GMT-0400 (Eastern Daylight Time),Tue Mar 14 2023 01:00:00 GMT-0400 (Eastern Daylight Time),-29,97.39999999999975,99.54999999999984
,Planet Fitness,,Fri Mar 17 2023 01:00:00 GMT-0400 (Eastern Daylight Time),Fri Mar 17 2023 01:00:00 GMT-0400 (Eastern Daylight Time),-10,87.39999999999975,89.54999999999984
,3/10/2023 - 3/23/2023,Extra Money Left Over : ,,,,,89.54999999999984
,Income: Paycheck,RECIEVED,Fri Mar 24 2023 01:00:00 GMT-0400 (Eastern Daylight Time),Fri Mar 24 2023 01:00:00 GMT-0400 (Eastern Daylight Time),1462.86,1462.86,1552.4099999999999
,Groceries,,,,-195.9,1266.9599999999998,1356.5099999999998
,Cigarettes,,,,-58.64,1208.3199999999997,1297.8699999999997
,Gas,,,,-33.88,1174.4399999999996,1263.9899999999996
,Entertainment,,,,-4.95,1169.4899999999996,1259.0399999999995
,Medical,,,,-70,1099.4899999999996,1189.0399999999995
,Vehicle,,,,0,1099.4899999999996,1189.0399999999995
,Maintenance,,,,0,1099.4899999999996,1189.0399999999995
,Debt,,,,0,1099.4899999999996,1189.0399999999995
,XFinity,,Sun Mar 26 2023 01:00:00 GMT-0400 (Eastern Daylight Time),Sun Mar 26 2023 01:00:00 GMT-0400 (Eastern Daylight Time),-85.75,1013.7399999999996,1103.2899999999995
,MPU (Electric Bill),,Sun Mar 26 2023 01:00:00 GMT-0400 (Eastern Daylight Time),Sun Mar 26 2023 01:00:00 GMT-0400 (Eastern Daylight Time),-62.35,951.3899999999995,1040.9399999999996
,Rent,Includes $52.52 Water Bill,Mon Mar 27 2023 01:00:00 GMT-0400 (Eastern Daylight Time),Mon Mar 27 2023 01:00:00 GMT-0400 (Eastern Daylight Time),-947.52,3.86999999999955,93.41999999999962
,Above Lending,,Tue Mar 28 2023 01:00:00 GMT-0400 (Eastern Daylight Time),Tue Mar 28 2023 01:00:00 GMT-0400 (Eastern Daylight Time),-86.95,-83.08000000000045,6.469999999999615
,Subscription - Video,,Fri Mar 31 2023 01:00:00 GMT-0400 (Eastern Daylight Time),Fri Mar 31 2023 01:00:00 GMT-0400 (Eastern Daylight Time),0,-83.08000000000045,6.469999999999615
,3/24/2023 - 4/6/2023,Extra Money Left Over : ,,,,,6.469999999999615
,Income: Paycheck,RECIEVED,Fri Apr 07 2023 01:00:00 GMT-0400 (Eastern Daylight Time),Fri Apr 07 2023 01:00:00 GMT-0400 (Eastern Daylight Time),1410.33,1410.33,1416.7999999999995
,Groceries,,,,-360.82,1049.51,1055.9799999999996
,Cigarettes,,,,-62.59,986.92,993.3899999999995
,Gas,,,,-34.28,952.64,959.1099999999996
,Entertainment,,,,-79.67,872.97,879.4399999999996
,Medical,,,,0,872.97,879.4399999999996
,Vehicle,,,,0,872.97,879.4399999999996
,Maintenance,,,,-62.36,810.61,817.0799999999996
,Debt,,,,0,810.61,817.0799999999996
,US Cellular,,Sat Apr 08 2023 01:00:00 GMT-0400 (Eastern Daylight Time),Sat Apr 08 2023 01:00:00 GMT-0400 (Eastern Daylight Time),-197.66,612.95,619.4199999999996
,Car Insurance,,Sat Apr 08 2023 01:00:00 GMT-0400 (Eastern Daylight Time),Sat Apr 08 2023 01:00:00 GMT-0400 (Eastern Daylight Time),-60.95,552,558.4699999999996
,Renter's Insurance,,Sat Apr 08 2023 01:00:00 GMT-0400 (Eastern Daylight Time),Sat Apr 08 2023 01:00:00 GMT-0400 (Eastern Daylight Time),-13.65,538.35,544.8199999999996
,Subscription - Video,,Mon Apr 10 2023 01:00:00 GMT-0400 (Eastern Daylight Time),Mon Apr 10 2023 01:00:00 GMT-0400 (Eastern Daylight Time),-15.04,523.3100000000001,529.7799999999996
,Car Payment,,Tue Apr 11 2023 01:00:00 GMT-0400 (Eastern Daylight Time),Tue Apr 11 2023 01:00:00 GMT-0400 (Eastern Daylight Time),-298.96,224.35000000000008,230.81999999999965
,Above Lending,,Tue Apr 11 2023 01:00:00 GMT-0400 (Eastern Daylight Time),Tue Apr 11 2023 01:00:00 GMT-0400 (Eastern Daylight Time),-86.95,137.4000000000001,143.86999999999966
,WPS (Gas Bill),,Tue Apr 11 2023 01:00:00 GMT-0400 (Eastern Daylight Time),Tue Apr 11 2023 01:00:00 GMT-0400 (Eastern Daylight Time),-62,75.40000000000009,81.86999999999966
,Planet Fitness,,Mon Apr 17 2023 01:00:00 GMT-0400 (Eastern Daylight Time),Mon Apr 17 2023 01:00:00 GMT-0400 (Eastern Daylight Time),-12.04,63.36000000000009,69.82999999999967
,4/7/2023 - 4/20/2023,Extra Money Left Over : ,,,,,69.82999999999967
,Income: Paycheck,RECIEVED,Fri Apr 21 2023 01:00:00 GMT-0400 (Eastern Daylight Time),Fri Apr 21 2023 01:00:00 GMT-0400 (Eastern Daylight Time),1211.37,1211.37,1281.1999999999996
,Groceries,,,,-138.79000000000002,1072.58,1142.4099999999996
,Cigarettes,,,,-14.53,1058.05,1127.8799999999997
,Gas,,,,0,1058.05,1127.8799999999997
,Entertainment,,,,0,1058.05,1127.8799999999997
,Medical,,,,0,1058.05,1127.8799999999997
,Vehicle,,,,0,1058.05,1127.8799999999997
,Maintenance,,,,0,1058.05,1127.8799999999997
,Debt,,,,0,1058.05,1127.8799999999997
,XFinity,Autopay : Paid Early,Fri Apr 21 2023 01:00:00 GMT-0400 (Eastern Daylight Time),Fri Apr 21 2023 01:00:00 GMT-0400 (Eastern Daylight Time),-66.08,991.9699999999999,1061.7999999999997
,Rent,Water : $31.80,Mon May 01 2023 01:00:00 GMT-0400 (Eastern Daylight Time),Mon May 01 2023 01:00:00 GMT-0400 (Eastern Daylight Time),-800,191.9699999999999,261.7999999999997
,Credit Cards,192.92000000000002,Tue Apr 25 2023 01:00:00 GMT-0400 (Eastern Daylight Time),Tue Apr 25 2023 01:00:00 GMT-0400 (Eastern Daylight Time),-96.46,95.50999999999992,165.33999999999975
,Above Lending,Paid Via Bank,Tue Apr 25 2023 01:00:00 GMT-0400 (Eastern Daylight Time),Tue Apr 25 2023 01:00:00 GMT-0400 (Eastern Daylight Time),-86.95,8.559999999999917,78.38999999999974
,Subscription - Video,Autopay,Sun Apr 30 2023 01:00:00 GMT-0400 (Eastern Daylight Time),Sun Apr 30 2023 01:00:00 GMT-0400 (Eastern Daylight Time),-13.02,-4.460000000000083,65.36999999999975
,4/21/2023 - 5/4/2023,Extra Money Left Over : ,,,,,65.36999999999975
,Income: Paycheck,RECIEVED,Fri May 05 2023 01:00:00 GMT-0400 (Eastern Daylight Time),Fri May 05 2023 01:00:00 GMT-0400 (Eastern Daylight Time),966.87,966.87,1032.2399999999998
,Groceries,,,,-201.53999999999996,765.33,830.6999999999998
,Cigarettes,,,,-61.510000000000005,703.82,769.1899999999998
,Gas,,,,-36.79,667.0300000000001,732.3999999999999
,Entertainment,,,,0,667.0300000000001,732.3999999999999
,Medical,,,,-56.46,610.57,675.9399999999998
,Vehicle,,,,0,610.57,675.9399999999998
,Maintenance,,,,-12,598.57,663.9399999999998
,Debt,,,,0,598.57,663.9399999999998
,Rent,,Fri May 05 2023 01:00:00 GMT-0400 (Eastern Daylight Time),Fri May 05 2023 01:00:00 GMT-0400 (Eastern Daylight Time),-126.8,471.77000000000004,537.1399999999999
,Car Insurance,,Mon May 08 2023 01:00:00 GMT-0400 (Eastern Daylight Time),Mon May 08 2023 01:00:00 GMT-0400 (Eastern Daylight Time),-60.96,410.81000000000006,476.1799999999999
,Renter's Insurance,,Mon May 08 2023 01:00:00 GMT-0400 (Eastern Daylight Time),Mon May 08 2023 01:00:00 GMT-0400 (Eastern Daylight Time),-13.65,397.1600000000001,462.5299999999999
,Car Payment,,Thu May 18 2023 01:00:00 GMT-0400 (Eastern Daylight Time),Thu May 18 2023 01:00:00 GMT-0400 (Eastern Daylight Time),-298.96,98.2000000000001,163.56999999999994
,Above Lending,,Tue May 09 2023 01:00:00 GMT-0400 (Eastern Daylight Time),Tue May 09 2023 01:00:00 GMT-0400 (Eastern Daylight Time),-86.95,11.2500000000001,76.61999999999993
,MPU (Electric Bill),,Mon May 08 2023 01:00:00 GMT-0400 (Eastern Daylight Time),Mon May 08 2023 01:00:00 GMT-0400 (Eastern Daylight Time),-63.01,-51.7599999999999,13.609999999999935
,Planet Fitness,,Wed May 17 2023 01:00:00 GMT-0400 (Eastern Daylight Time),Wed May 17 2023 01:00:00 GMT-0400 (Eastern Daylight Time),-12.04,-63.7999999999999,3.6099999999999364
,5/5/2023 - 5/18/2023,Extra Money Left Over : ,,,,,3.6099999999999364
,Income: Paycheck,RECIEVED,Fri May 19 2023 01:00:00 GMT-0400 (Eastern Daylight Time),Fri May 19 2023 01:00:00 GMT-0400 (Eastern Daylight Time),1191.69,1191.69,1195.3
,Groceries,,,,-329.54,862.1500000000001,865.76
,Cigarettes,,,,-65.24000000000001,796.9100000000001,800.52
,Gas,,,,-19.54,777.3700000000001,780.98
,Entertainment,,,,-10.49,766.8800000000001,770.49
,Medical,,,,0,766.8800000000001,770.49
,Vehicle,,,,-15.5,751.3800000000001,754.99
,Maintenance,,,,-110.07000000000001,641.3100000000001,644.92
,Debt,,,,-8.94,632.37,635.9799999999999
,US Cellular,Paid,Tue May 23 2023 01:00:00 GMT-0400 (Eastern Daylight Time),Tue May 23 2023 01:00:00 GMT-0400 (Eastern Daylight Time),-197.51,434.86,438.4699999999999
,XFinity,Paid,Fri Jun 02 2023 01:00:00 GMT-0400 (Eastern Daylight Time),Fri Jun 02 2023 01:00:00 GMT-0400 (Eastern Daylight Time),-75.76,359.1,362.7099999999999
,WPS (Gas Bill),Paid,Mon May 22 2023 01:00:00 GMT-0400 (Eastern Daylight Time),Mon May 22 2023 01:00:00 GMT-0400 (Eastern Daylight Time),-91,268.1,271.7099999999999
,Above Lending,Paid,Tue May 23 2023 01:00:00 GMT-0400 (Eastern Daylight Time),Tue May 23 2023 01:00:00 GMT-0400 (Eastern Daylight Time),-86.95,181.15000000000003,184.75999999999993
,Credit Cards,Paid,Tue May 23 2023 01:00:00 GMT-0400 (Eastern Daylight Time),Tue May 23 2023 01:00:00 GMT-0400 (Eastern Daylight Time),-30,151.15000000000003,154.75999999999993
,Subscription - Video,Paid,Tue May 30 2023 01:00:00 GMT-0400 (Eastern Daylight Time),Tue May 30 2023 01:00:00 GMT-0400 (Eastern Daylight Time),-15.04,136.11000000000004,139.71999999999994
,5/19/2023 - 6/1/2023,Extra Money Left Over : ,,,,,139.71999999999994
,Income: Paycheck,RECIEVED,Fri Jun 02 2023 01:00:00 GMT-0400 (Eastern Daylight Time),Fri Jun 02 2023 01:00:00 GMT-0400 (Eastern Daylight Time),1341.72,1341.72,1481.44
,Groceries,,,,-209.93,1131.79,1271.51
,Cigarettes,,,,-48.28,1083.51,1223.23
,Gas,,,,0,1083.51,1223.23
,Entertainment,,,,0,1083.51,1223.23
,Medical,,,,-30,1053.51,1193.23
,Vehicle,,,,-13.35,1040.16,1179.88
,Maintenance,,,,0,1040.16,1179.88
,Debt,,,,-17.9,1022.2600000000001,1162
,MPU (Electric Bill),PAID,Fri Jun 02 2023 01:00:00 GMT-0400 (Eastern Daylight Time),Fri Jun 02 2023 01:00:00 GMT-0400 (Eastern Daylight Time),-67.19,955.0700000000002,1094.81
,Rent,PAID (Includes Water),Mon Jun 05 2023 01:00:00 GMT-0400 (Eastern Daylight Time),Mon Jun 05 2023 01:00:00 GMT-0400 (Eastern Daylight Time),-927.37,27.70000000000016,167.43999999999994
,Above Lending,PAID,Mon Jun 05 2023 01:00:00 GMT-0400 (Eastern Daylight Time),Mon Jun 05 2023 01:00:00 GMT-0400 (Eastern Daylight Time),-86.95,-59.249999999999844,80.48999999999994
,Car Insurance,PAID,Thu Jun 08 2023 01:00:00 GMT-0400 (Eastern Daylight Time),Thu Jun 08 2023 01:00:00 GMT-0400 (Eastern Daylight Time),-66.19,-125.43999999999984,14.29999999999994
,Renter's Insurance,PAID,Thu Jun 08 2023 01:00:00 GMT-0400 (Eastern Daylight Time),Thu Jun 08 2023 01:00:00 GMT-0400 (Eastern Daylight Time),-13.65,-139.08999999999983,0.64999999999994
,6/2/2023 - 6/15/2023,Extra Money Left Over : ,,,,,9.6
,Income: Paycheck,RECIEVED,Fri Jun 16 2023 01:00:00 GMT-0400 (Eastern Daylight Time),Fri Jun 16 2023 01:00:00 GMT-0400 (Eastern Daylight Time),1254.25,1254.25,1263.85
,Groceries,,,,-478.33000000000004,775.92,785.5199999999999
,Cigarettes,,,,-37.68,738.24,747.8399999999999
,Gas,,,,-20.57,717.67,727.2699999999999
,Entertainment,,,,-73.49,644.18,653.7799999999999
,Medical,,,,0,644.18,653.7799999999999
,Vehicle,,,,0,644.18,653.7799999999999
,Maintenance,,,,-127.52,516.66,526.2599999999999
,Debt,,,,-8.95,507.71,517.3099999999998
,Beyond Finance Return,RECIEVED,Tue Jun 20 2023 01:00:00 GMT-0400 (Eastern Daylight Time),Tue Jun 20 2023 01:00:00 GMT-0400 (Eastern Daylight Time),932.6,1440.31,1449.9099999999999
,US Cellular,PAID,Fri Jun 16 2023 01:00:00 GMT-0400 (Eastern Daylight Time),Fri Jun 16 2023 01:00:00 GMT-0400 (Eastern Daylight Time),-208,1232.31,1241.9099999999999
,XFinity,PAID,Fri Jun 16 2023 01:00:00 GMT-0400 (Eastern Daylight Time),Fri Jun 16 2023 01:00:00 GMT-0400 (Eastern Daylight Time),-75.75,1156.56,1166.1599999999999
,Car Payment,PAID,Tue Jun 20 2023 01:00:00 GMT-0400 (Eastern Daylight Time),Tue Jun 20 2023 01:00:00 GMT-0400 (Eastern Daylight Time),-298.96,857.5999999999999,867.1999999999998
,Planet Fitness,PAID,Tue Jun 20 2023 01:00:00 GMT-0400 (Eastern Daylight Time),Tue Jun 20 2023 01:00:00 GMT-0400 (Eastern Daylight Time),-10,847.5999999999999,857.1999999999998
,Above Lending,PAID,Tue Jun 20 2023 01:00:00 GMT-0400 (Eastern Daylight Time),Tue Jun 20 2023 01:00:00 GMT-0400 (Eastern Daylight Time),-86.95,760.6499999999999,770.2499999999998
,Credit Cards,PAID,Tue Jun 20 2023 01:00:00 GMT-0400 (Eastern Daylight Time),Tue Jun 20 2023 01:00:00 GMT-0400 (Eastern Daylight Time),-30,730.6499999999999,740.2499999999998
,WPS (Gas Bill),PAID,Tue Jun 20 2023 01:00:00 GMT-0400 (Eastern Daylight Time),Tue Jun 20 2023 01:00:00 GMT-0400 (Eastern Daylight Time),-91,639.6499999999999,649.2499999999998
,Subscription - Game,PAID,Tue Jun 27 2023 01:00:00 GMT-0400 (Eastern Daylight Time),Tue Jun 27 2023 01:00:00 GMT-0400 (Eastern Daylight Time),-10.49,629.1599999999999,638.7599999999998
,Subscription - Video,PAID,Tue Jun 27 2023 01:00:00 GMT-0400 (Eastern Daylight Time),Tue Jun 27 2023 01:00:00 GMT-0400 (Eastern Daylight Time),-15.04,614.1199999999999,623.7199999999998
,6/16/2023 - 6/29/2023,Extra Money Left Over : ,,,,,623.7199999999998
,Income: Paycheck,RECIEVED,Fri Jun 30 2023 01:00:00 GMT-0400 (Eastern Daylight Time),Fri Jun 30 2023 01:00:00 GMT-0400 (Eastern Daylight Time),1198.29,1198.29,1822.0099999999998
,Groceries,,,,-325.21999999999997,873.0699999999999,1496.7899999999997
,Cigarettes,,,,-64.81,808.26,1431.9799999999998
,Gas,,,,-31.14,777.12,1400.8399999999997
,Entertainment,,,,-24.479999999999997,752.64,1376.3599999999997
,Medical,,,,-61.6,691.04,1314.7599999999998
,Vehicle,,,,0,691.04,1314.7599999999998
,Maintenance,,,,0,691.04,1314.7599999999998
,Debt,,,,0,691.04,1314.7599999999998
,Car Insurance,PAID,Sun Jul 02 2023 01:00:00 GMT-0400 (Eastern Daylight Time),Sun Jul 02 2023 01:00:00 GMT-0400 (Eastern Daylight Time),-66.22,624.8199999999999,1248.5399999999997
,Renter's Insurance,PAID,Sun Jul 02 2023 01:00:00 GMT-0400 (Eastern Daylight Time),Sun Jul 02 2023 01:00:00 GMT-0400 (Eastern Daylight Time),-13.65,611.17,1234.8899999999996
,MPU (Electric Bill),PAID,Sun Jul 02 2023 01:00:00 GMT-0400 (Eastern Daylight Time),Sun Jul 02 2023 01:00:00 GMT-0400 (Eastern Daylight Time),-48.04,563.13,1186.8499999999997
,Rent,PAID,Mon Jul 03 2023 01:00:00 GMT-0400 (Eastern Daylight Time),Mon Jul 03 2023 01:00:00 GMT-0400 (Eastern Daylight Time),-925.36,-362.23,261.48999999999967
,Credit Cards,PAID,Mon Jul 03 2023 01:00:00 GMT-0400 (Eastern Daylight Time),Mon Jul 03 2023 01:00:00 GMT-0400 (Eastern Daylight Time),-132.94,-495.17,128.54999999999967
,Above Lending,PAID,Mon Jul 03 2023 01:00:00 GMT-0400 (Eastern Daylight Time),Mon Jul 03 2023 01:00:00 GMT-0400 (Eastern Daylight Time),-86.95,-582.12,41.59999999999967
,6/30/2023 - 7/13/2023,Extra Money Left Over : ,,,,,41.59999999999967
,Income: Paycheck,,Fri Jul 14 2023 01:00:00 GMT-0400 (Eastern Daylight Time),Fri Jul 14 2023 01:00:00 GMT-0400 (Eastern Daylight Time),1254.24,1254.24,1295.8399999999997
,Groceries,,,,-262.07,992.1700000000001,1033.7699999999998
,Cigarettes,,,,-57.4,934.7700000000001,976.3699999999998
,Gas,,,,0,934.7700000000001,976.3699999999998
,Entertainment,,,,-5.57,929.2,970.7999999999997
,Medical,,,,-115,814.2,855.7999999999997
,Vehicle,,,,0,814.2,855.7999999999997
,Maintenance,,,,-182.82999999999998,631.3700000000001,672.9699999999998
,Debt,,,,0,631.3700000000001,672.9699999999998
,US Cellular,PAID,Fri Jul 14 2023 01:00:00 GMT-0400 (Eastern Daylight Time),Fri Jul 14 2023 01:00:00 GMT-0400 (Eastern Daylight Time),-150.64,480.73000000000013,522.3299999999998
,Credit Cards,Paid in Full,Fri Jul 14 2023 01:00:00 GMT-0400 (Eastern Daylight Time),Fri Jul 14 2023 01:00:00 GMT-0400 (Eastern Daylight Time),0,480.73000000000013,522.3299999999998
,Car Payment,PAID,Mon Jul 17 2023 01:00:00 GMT-0400 (Eastern Daylight Time),Mon Jul 17 2023 01:00:00 GMT-0400 (Eastern Daylight Time),-298.96,181.77000000000015,223.36999999999983
,Planet Fitness,PAID,Mon Jul 17 2023 01:00:00 GMT-0400 (Eastern Daylight Time),Mon Jul 17 2023 01:00:00 GMT-0400 (Eastern Daylight Time),-10,171.77000000000015,213.36999999999983
,Above Lending,PAID,Mon Jul 17 2023 01:00:00 GMT-0400 (Eastern Daylight Time),Mon Jul 17 2023 01:00:00 GMT-0400 (Eastern Daylight Time),-86.95,84.82000000000015,126.41999999999983
,WPS (Gas Bill),PAID,Mon Jul 17 2023 01:00:00 GMT-0400 (Eastern Daylight Time),Mon Jul 17 2023 01:00:00 GMT-0400 (Eastern Daylight Time),-91,-6.1799999999998505,35.41999999999983
,Subscription - Game,XBox Game-Pass,Thu Jul 27 2023 01:00:00 GMT-0400 (Eastern Daylight Time),Thu Jul 27 2023 01:00:00 GMT-0400 (Eastern Daylight Time),-10.49,-16.669999999999852,24.92999999999983
,7/14/2023 - 7/27/2023,Extra Money Left Over : ,,,,,24.92999999999983
,Income: Paycheck,,Fri Jul 28 2023 01:00:00 GMT-0400 (Eastern Daylight Time),Fri Jul 28 2023 01:00:00 GMT-0400 (Eastern Daylight Time),1243.34,1243.34,1268.2699999999998
,Groceries,,,,-134.05,1109.29,1134.2199999999998
,Cigarettes,,,,-68.72999999999999,1040.56,1065.4899999999998
,Gas,,,,0,1040.56,1065.4899999999998
,Entertainment,,,,-16.89,1023.67,1048.5999999999997
,Medical,,,,0,1023.67,1048.5999999999997
,Vehicle,,,,0,1023.67,1048.5999999999997
,Maintenance,,,,0,1023.67,1048.5999999999997
,Debt,,,,0,1023.67,1048.5999999999997
,Subscription - Video,PAID,Thu Jul 27 2023 01:00:00 GMT-0400 (Eastern Daylight Time),Thu Jul 27 2023 01:00:00 GMT-0400 (Eastern Daylight Time),-15.04,1008.63,1033.5599999999997
,Rent,PAID,Fri Jul 28 2023 01:00:00 GMT-0400 (Eastern Daylight Time),Fri Jul 28 2023 01:00:00 GMT-0400 (Eastern Daylight Time),-931.36,77.26999999999998,102.1999999999997
,Above Lending,PAID,Mon Jul 31 2023 01:00:00 GMT-0400 (Eastern Daylight Time),Mon Jul 31 2023 01:00:00 GMT-0400 (Eastern Daylight Time),-86.95,-9.680000000000021,15.249999999999702
,Credit Cards,Paid in Full,Fri Jul 28 2023 01:00:00 GMT-0400 (Eastern Daylight Time),Fri Jul 28 2023 01:00:00 GMT-0400 (Eastern Daylight Time),0,-9.680000000000021,15.249999999999702
,MPU (Electric Bill),Pay Next Check (104.01),Fri Jul 28 2023 01:00:00 GMT-0400 (Eastern Daylight Time),Fri Jul 28 2023 01:00:00 GMT-0400 (Eastern Daylight Time),0,-9.680000000000021,15.249999999999702
,Renter's Insurance,PAID,Tue Aug 08 2023 01:00:00 GMT-0400 (Eastern Daylight Time),Tue Aug 08 2023 01:00:00 GMT-0400 (Eastern Daylight Time),-13.65,-23.33000000000002,1.5999999999997012
,Car Insurance,Pay Next Check (66.22),Tue Aug 08 2023 01:00:00 GMT-0400 (Eastern Daylight Time),Tue Aug 08 2023 01:00:00 GMT-0400 (Eastern Daylight Time),0,-23.33000000000002,1.5999999999997012
,XFinity,Pay Next Check (80.75),Tue Aug 01 2023 01:00:00 GMT-0400 (Eastern Daylight Time),Tue Aug 01 2023 01:00:00 GMT-0400 (Eastern Daylight Time),0,-23.33000000000002,1.5999999999997012
,7/28/2023 - 8/10/2023,Extra Money Left Over : ,,,,,1.5799999999997012
,Income: Paycheck,,Fri Aug 11 2023 01:00:00 GMT-0400 (Eastern Daylight Time),Fri Aug 11 2023 01:00:00 GMT-0400 (Eastern Daylight Time),1276.13,1276.13,1277.7099999999998
,Groceries,,,,-99.78,1176.3500000000001,1177.9299999999998
,Cigarettes,,,,-48.79,1127.5600000000002,1129.1399999999999
,Gas,,,,-40.69,1086.8700000000001,1088.4499999999998
,Entertainment,,,,-33.53,1053.3400000000001,1054.9199999999998
,Medical,,,,-15,1038.3400000000001,1039.9199999999998
,Vehicle,,,,0,1038.3400000000001,1039.9199999999998
,Maintenance,,,,0,1038.3400000000001,1039.9199999999998
,Debt,,,,-128.59,909.7500000000001,911.3299999999998
,US Cellular,PAID,Fri Aug 11 2023 01:00:00 GMT-0400 (Eastern Daylight Time),Fri Aug 11 2023 01:00:00 GMT-0400 (Eastern Daylight Time),-154.2,755.5500000000002,757.1299999999999
,MPU (Electric Bill),PAID,Fri Aug 11 2023 01:00:00 GMT-0400 (Eastern Daylight Time),Fri Aug 11 2023 01:00:00 GMT-0400 (Eastern Daylight Time),-108.9,646.6500000000002,648.2299999999999
,XFinity,PAID,Fri Aug 11 2023 01:00:00 GMT-0400 (Eastern Daylight Time),Fri Aug 11 2023 01:00:00 GMT-0400 (Eastern Daylight Time),-80.75,565.9000000000002,567.4799999999999
,Car Insurance,PENDING,Sat Aug 12 2023 01:00:00 GMT-0400 (Eastern Daylight Time),Sat Aug 12 2023 01:00:00 GMT-0400 (Eastern Daylight Time),-66.22,499.6800000000002,501.2599999999999
,Car Payment,PENDING,Mon Aug 14 2023 01:00:00 GMT-0400 (Eastern Daylight Time),Mon Aug 14 2023 01:00:00 GMT-0400 (Eastern Daylight Time),-298.96,200.7200000000002,202.2999999999999
,WPS (Gas Bill),PENDING,Mon Aug 14 2023 01:00:00 GMT-0400 (Eastern Daylight Time),Mon Aug 14 2023 01:00:00 GMT-0400 (Eastern Daylight Time),-91,109.7200000000002,111.2999999999999
,Above Lending,PENDING,Mon Aug 14 2023 01:00:00 GMT-0400 (Eastern Daylight Time),Mon Aug 14 2023 01:00:00 GMT-0400 (Eastern Daylight Time),-86.95,22.770000000000195,24.349999999999895
,Planet Fitness,,Thu Aug 17 2023 01:00:00 GMT-0400 (Eastern Daylight Time),Thu Aug 17 2023 01:00:00 GMT-0400 (Eastern Daylight Time),-10,12.770000000000195,14.349999999999895
,Subscription - Game,XBox Game-Pass - Inactive,Sat Aug 26 2023 01:00:00 GMT-0400 (Eastern Daylight Time),Sat Aug 26 2023 01:00:00 GMT-0400 (Eastern Daylight Time),0,12.770000000000195,14.349999999999895
,Credit Cards,Paid In Full,Sun Aug 27 2023 01:00:00 GMT-0400 (Eastern Daylight Time),Sun Aug 27 2023 01:00:00 GMT-0400 (Eastern Daylight Time),0,12.770000000000195,14.349999999999895
,8/11/2023 - 8/24/2023,Extra Money Left Over : ,,,,,14.349999999999895
,Income: Paycheck,Estimate,Fri Aug 25 2023 01:00:00 GMT-0400 (Eastern Daylight Time),Fri Aug 25 2023 01:00:00 GMT-0400 (Eastern Daylight Time),1166.81,1166.81,1181.1599999999999
,Groceries,,,,-50,1116.81,1131.1599999999999
,Cigarettes,,,,-20.69,1096.12,1110.4699999999998
,Gas,,,,0,1096.12,1110.4699999999998
,Entertainment,,,,-14.71,1081.4099999999999,1095.7599999999998
,Medical,,,,-65,1016.4099999999999,1030.7599999999998
,Vehicle,,,,0,1016.4099999999999,1030.7599999999998
,Maintenance,,,,0,1016.4099999999999,1030.7599999999998
,Debt,,,,0,1016.4099999999999,1030.7599999999998
,Rent,PAID,Fri Aug 25 2023 01:00:00 GMT-0400 (Eastern Daylight Time),Fri Aug 25 2023 01:00:00 GMT-0400 (Eastern Daylight Time),-932.36,84.04999999999984,98.39999999999975
,Subscription - Game,PAID,Mon Sep 04 2023 01:00:00 GMT-0400 (Eastern Daylight Time),Mon Sep 04 2023 01:00:00 GMT-0400 (Eastern Daylight Time),-10.49,73.55999999999985,87.90999999999976
,Above Lending,PAID,Mon Aug 28 2023 01:00:00 GMT-0400 (Eastern Daylight Time),Mon Aug 28 2023 01:00:00 GMT-0400 (Eastern Daylight Time),-88.65,-15.09000000000016,-0.7400000000002507
,Credit Cards,Paid In Full,Mon Aug 28 2023 01:00:00 GMT-0400 (Eastern Daylight Time),Mon Aug 28 2023 01:00:00 GMT-0400 (Eastern Daylight Time),0,-15.09000000000016,-0.7400000000002507
,8/25/2023 - 9/07/2023,Extra Money Left Over : ,,,,,0.97
,Income: Paycheck,,Fri Sep 08 2023 01:00:00 GMT-0400 (Eastern Daylight Time),Fri Sep 08 2023 01:00:00 GMT-0400 (Eastern Daylight Time),1263.71,1263.71,1264.68
,Groceries,,,,-162.19,1101.52,1102.49
,Cigarettes,,,,-80.73,1020.79,1021.76
,Gas,,,,0,1020.79,1021.76
,Entertainment,,,,-57.54,963.25,964.22
,Medical,,,,0,963.25,964.22
,Vehicle,,,,-12,951.25,952.22
,Maintenance,,,,0,951.25,952.22
,Debt,,,,-8.95,942.3,943.27
,XFinity,PAID,Fri Sep 08 2023 01:00:00 GMT-0400 (Eastern Daylight Time),Fri Sep 08 2023 01:00:00 GMT-0400 (Eastern Daylight Time),-80.75,861.55,862.52
,MPU (Electric Bill),PAID,Fri Sep 08 2023 01:00:00 GMT-0400 (Eastern Daylight Time),Fri Sep 08 2023 01:00:00 GMT-0400 (Eastern Daylight Time),-153.72,707.8299999999999,708.8
,Renter's Insurance,PAID,Fri Sep 08 2023 01:00:00 GMT-0400 (Eastern Daylight Time),Fri Sep 08 2023 01:00:00 GMT-0400 (Eastern Daylight Time),-13.65,694.18,695.15
,Car Insurance,PAID,Fri Sep 08 2023 01:00:00 GMT-0400 (Eastern Daylight Time),Fri Sep 08 2023 01:00:00 GMT-0400 (Eastern Daylight Time),-66.22,627.9599999999999,628.93
,US Cellular,PAID,Thu Sep 21 2023 01:00:00 GMT-0400 (Eastern Daylight Time),Thu Sep 21 2023 01:00:00 GMT-0400 (Eastern Daylight Time),-154.2,473.75999999999993,474.72999999999996
,Above Lending,PAID,Mon Sep 11 2023 01:00:00 GMT-0400 (Eastern Daylight Time),Mon Sep 11 2023 01:00:00 GMT-0400 (Eastern Daylight Time),-86.95,386.80999999999995,387.78
,Car Payment,PAID,Mon Sep 18 2023 01:00:00 GMT-0400 (Eastern Daylight Time),Mon Sep 18 2023 01:00:00 GMT-0400 (Eastern Daylight Time),-298.96,87.84999999999997,88.82
,Credit Cards,PAID (Mission Lane),Mon Sep 11 2023 01:00:00 GMT-0400 (Eastern Daylight Time),Mon Sep 11 2023 01:00:00 GMT-0400 (Eastern Daylight Time),-25,62.849999999999966,63.81999999999999
,Planet Fitness,,Sun Sep 17 2023 01:00:00 GMT-0400 (Eastern Daylight Time),Sun Sep 17 2023 01:00:00 GMT-0400 (Eastern Daylight Time),-10,52.849999999999966,53.81999999999999
,9/08/2023 - 9/21/2023,Extra Money Left Over : ,,,,,53.81999999999999
,Income: Paycheck,,Fri Sep 22 2023 01:00:00 GMT-0400 (Eastern Daylight Time),Fri Sep 22 2023 01:00:00 GMT-0400 (Eastern Daylight Time),1503.1100000000001,1503.1100000000001,1556.93
,Groceries,,,,-225.38,1277.73,1331.5500000000002
,Cigarettes,,,,-70.33,1207.4,1261.2200000000003
,Gas,,,,-40.4,1167,1220.8200000000002
,Entertainment,,,,-29.56,1137.44,1191.2600000000002
,Medical,,,,-144,993.44,1047.2600000000002
,Vehicle,,,,-107.47,885.97,939.7900000000002
,Maintenance,,,,0,885.97,939.7900000000002
,Debt,,,,0.02,885.99,939.8100000000002
,XFinity,PAID,Fri Sep 22 2023 01:00:00 GMT-0400 (Eastern Daylight Time),Fri Sep 22 2023 01:00:00 GMT-0400 (Eastern Daylight Time),-80.75,805.24,859.0600000000002
,WPS (Gas Bill),PAID,Sun Sep 24 2023 01:00:00 GMT-0400 (Eastern Daylight Time),Sun Sep 24 2023 01:00:00 GMT-0400 (Eastern Daylight Time),-91,714.24,768.0600000000002
,Credit Cards,PAID,Sun Sep 24 2023 01:00:00 GMT-0400 (Eastern Daylight Time),Sun Sep 24 2023 01:00:00 GMT-0400 (Eastern Daylight Time),-50,664.24,718.0600000000002
,Above Lending,PAID,Sun Sep 24 2023 01:00:00 GMT-0400 (Eastern Daylight Time),Sun Sep 24 2023 01:00:00 GMT-0400 (Eastern Daylight Time),-86.95,577.29,631.1100000000001
,Subscription - Game,PAID,Wed Oct 04 2023 01:00:00 GMT-0400 (Eastern Daylight Time),Wed Oct 04 2023 01:00:00 GMT-0400 (Eastern Daylight Time),-17.84,559.4499999999999,613.2700000000001
,9/22/2023 - 10/05/2023,Extra Money Left Over : ,,,,,613.2700000000001
,Income: Paycheck,,Fri Oct 06 2023 01:00:00 GMT-0400 (Eastern Daylight Time),Fri Oct 06 2023 01:00:00 GMT-0400 (Eastern Daylight Time),1274.64,1274.64,1887.9100000000003
,Groceries,"
",,,-158.04,1116.6000000000001,1729.8700000000003
,Cigarettes,,,,-80.93,1035.67,1648.9400000000003
,Gas,,,,0,1035.67,1648.9400000000003
,Entertainment,,,,4.43,1040.1000000000001,1653.3700000000003
,Medical,,,,0,1040.1000000000001,1653.3700000000003
,Vehicle,,,,0,1040.1000000000001,1653.3700000000003
,Maintenance,,,,0,1040.1000000000001,1653.3700000000003
,Debt,,,,-8.95,1031.15,1644.4200000000003
,Rent,PAID,Fri Oct 06 2023 01:00:00 GMT-0400 (Eastern Daylight Time),Fri Oct 06 2023 01:00:00 GMT-0400 (Eastern Daylight Time),-947.27,83.88000000000011,697.1500000000003
,MPU (Electric Bill),PAID,Fri Oct 06 2023 01:00:00 GMT-0400 (Eastern Daylight Time),Fri Oct 06 2023 01:00:00 GMT-0400 (Eastern Daylight Time),-142.07,-58.189999999999884,555.0800000000004
,Renter's Insurance,PAID,Sun Oct 08 2023 01:00:00 GMT-0400 (Eastern Daylight Time),Sun Oct 08 2023 01:00:00 GMT-0400 (Eastern Daylight Time),-13.65,-71.83999999999989,541.4300000000004
,Car Insurance,PAID,Sun Oct 08 2023 01:00:00 GMT-0400 (Eastern Daylight Time),Sun Oct 08 2023 01:00:00 GMT-0400 (Eastern Daylight Time),-66.22,-138.0599999999999,475.2100000000004
,Above Lending,PAID,Mon Oct 09 2023 01:00:00 GMT-0400 (Eastern Daylight Time),Mon Oct 09 2023 01:00:00 GMT-0400 (Eastern Daylight Time),-86.95,-225.00999999999988,388.2600000000004
,Car Payment,PAID,Mon Oct 09 2023 01:00:00 GMT-0400 (Eastern Daylight Time),Mon Oct 09 2023 01:00:00 GMT-0400 (Eastern Daylight Time),-298.96,-523.9699999999998,89.30000000000041
,Planet Fitness,PAID,Tue Oct 17 2023 01:00:00 GMT-0400 (Eastern Daylight Time),Tue Oct 17 2023 01:00:00 GMT-0400 (Eastern Daylight Time),-10,-533.9699999999998,79.30000000000041
,10/06/2023 - 10/19/2023,Extra Money Left Over : ,,,,,79.30000000000041
,Income: Paycheck,,Fri Oct 20 2023 01:00:00 GMT-0400 (Eastern Daylight Time),Fri Oct 20 2023 01:00:00 GMT-0400 (Eastern Daylight Time),1252.77,1252.77,1332.0700000000004
,Groceries,,,,-138.29,1114.48,1193.7800000000004
,Cigarettes,,,,-49.08,1065.4,1144.7000000000005
,Gas,,,,-32.7,1032.7,1112.0000000000005
,Entertainment,,,,-34.44,998.26,1077.5600000000004
,Medical,,,,-27.97,970.29,1049.5900000000004
,Vehicle,,,,-16.03,954.26,1033.5600000000004
,Maintenance,,,,-174.98999999999998,779.27,858.5700000000004
,Debt,,,,0,779.27,858.5700000000004
,US Cellular,PAID,Sat Oct 21 2023 01:00:00 GMT-0400 (Eastern Daylight Time),Sat Oct 21 2023 01:00:00 GMT-0400 (Eastern Daylight Time),-154.2,625.0699999999999,704.3700000000003
,WPS (Gas Bill),PAID,Mon Oct 23 2023 01:00:00 GMT-0400 (Eastern Daylight Time),Mon Oct 23 2023 01:00:00 GMT-0400 (Eastern Daylight Time),-91,534.0699999999999,613.3700000000003
,Above Lending,PAID,Mon Oct 23 2023 01:00:00 GMT-0400 (Eastern Daylight Time),Mon Oct 23 2023 01:00:00 GMT-0400 (Eastern Daylight Time),-86.95,447.11999999999995,526.4200000000003
,Credit Cards,PAID,Mon Oct 23 2023 01:00:00 GMT-0400 (Eastern Daylight Time),Mon Oct 23 2023 01:00:00 GMT-0400 (Eastern Daylight Time),-50,397.11999999999995,476.4200000000003
,Subscription - Game,PAID,Tue Oct 31 2023 01:00:00 GMT-0400 (Eastern Daylight Time),Tue Oct 31 2023 01:00:00 GMT-0400 (Eastern Daylight Time),-10.41,386.7099999999999,466.0100000000003
,10/20/2023 - 11/02/2023,Extra Money Left Over : ,,,,,466.0100000000003
,Income: Paycheck,,Fri Nov 03 2023 01:00:00 GMT-0400 (Eastern Daylight Time),Fri Nov 03 2023 01:00:00 GMT-0400 (Eastern Daylight Time),1258.23,1258.23,1724.2400000000002
,Groceries,,,,-293.64,964.59,1430.6000000000004
,Cigarettes,,,,-35.9,928.69,1394.7000000000003
,Gas,,,,-30.96,897.73,1363.7400000000002
,Entertainment,,,,0,897.73,1363.7400000000002
,Medical,,,,-23.09,874.64,1340.6500000000003
,Vehicle,,,,0,874.64,1340.6500000000003
,Maintenance,,,,-30.31,844.33,1310.3400000000004
,Debt,,,,-8.95,835.38,1301.3900000000003
,XFinity,PAID,Fri Nov 03 2023 01:00:00 GMT-0400 (Eastern Daylight Time),Fri Nov 03 2023 01:00:00 GMT-0400 (Eastern Daylight Time),-80.75,754.63,1220.6400000000003
,MPU (Electric Bill),PAID,Fri Nov 03 2023 01:00:00 GMT-0400 (Eastern Daylight Time),Fri Nov 03 2023 01:00:00 GMT-0400 (Eastern Daylight Time),-83.43,671.2,1137.2100000000003
,Subscription - Video,PAID,Sun Nov 12 2023 01:00:00 GMT-0500 (Eastern Standard Time),Sun Nov 12 2023 01:00:00 GMT-0500 (Eastern Standard Time),-15.04,656.1600000000001,1122.1700000000003
,Rent,PAID,Fri Nov 03 2023 01:00:00 GMT-0400 (Eastern Daylight Time),Fri Nov 03 2023 01:00:00 GMT-0400 (Eastern Daylight Time),-894.12,-237.95999999999992,228.0500000000003
,Subscription - Game,PAID,Mon Nov 13 2023 01:00:00 GMT-0500 (Eastern Standard Time),Mon Nov 13 2023 01:00:00 GMT-0500 (Eastern Standard Time),-17.84,-255.79999999999993,210.2100000000003
,Car Insurance,PAID,Fri Nov 03 2023 01:00:00 GMT-0400 (Eastern Daylight Time),Fri Nov 03 2023 01:00:00 GMT-0400 (Eastern Daylight Time),-66.2,-321.99999999999994,144.01000000000028
,Above Lending,PENDING,Mon Nov 06 2023 01:00:00 GMT-0500 (Eastern Standard Time),Mon Nov 06 2023 01:00:00 GMT-0500 (Eastern Standard Time),-86.95,-408.94999999999993,57.06000000000027
,Renter's Insurance,NO CHARGE THIS MONTH,Wed Nov 08 2023 01:00:00 GMT-0500 (Eastern Standard Time),Wed Nov 08 2023 01:00:00 GMT-0500 (Eastern Standard Time),0,-408.94999999999993,57.06000000000027
,11/03/2023 - 11/16/2023,Extra Money Left Over : ,,,,,57.06000000000027
,Income: Paycheck,,Fri Nov 17 2023 01:00:00 GMT-0500 (Eastern Standard Time),Fri Nov 17 2023 01:00:00 GMT-0500 (Eastern Standard Time),877.38,877.38,934.4400000000003
,Groceries,,,,-39.61,837.77,894.8300000000003
,Cigarettes,,,,-59.99,777.78,834.8400000000003
,Gas,,,,0,777.78,834.8400000000003
,Entertainment,,,,-25.19,752.5899999999999,809.6500000000002
,Medical,,,,-10,742.5899999999999,799.6500000000002
,Vehicle,,,,0,742.5899999999999,799.6500000000002
,Maintenance,,,,0,742.5899999999999,799.6500000000002
,Debt,,,,0,742.5899999999999,799.6500000000002
,Car Payment,PAID,Sun Nov 19 2023 01:00:00 GMT-0500 (Eastern Standard Time),Sun Nov 19 2023 01:00:00 GMT-0500 (Eastern Standard Time),-303.91,438.6799999999999,495.7400000000002
,Planet Fitness,PAID,Sun Nov 19 2023 01:00:00 GMT-0500 (Eastern Standard Time),Sun Nov 19 2023 01:00:00 GMT-0500 (Eastern Standard Time),-10,428.6799999999999,485.7400000000002
,Debt,PAID - MDG,Sun Nov 19 2023 01:00:00 GMT-0500 (Eastern Standard Time),Sun Nov 19 2023 01:00:00 GMT-0500 (Eastern Standard Time),-48.47,380.2099999999999,437.2700000000002
,US Cellular,PAID,Sun Nov 19 2023 01:00:00 GMT-0500 (Eastern Standard Time),Sun Nov 19 2023 01:00:00 GMT-0500 (Eastern Standard Time),-154.4,225.80999999999992,282.87000000000023
,Subscription - Game,PAID - World of Warcraft,Wed Nov 29 2023 01:00:00 GMT-0500 (Eastern Standard Time),Wed Nov 29 2023 01:00:00 GMT-0500 (Eastern Standard Time),-14.99,210.8199999999999,267.8800000000002
,Above Lending,PAID,Mon Nov 20 2023 01:00:00 GMT-0500 (Eastern Standard Time),Mon Nov 20 2023 01:00:00 GMT-0500 (Eastern Standard Time),-86.95,123.8699999999999,180.93000000000023
,Credit Cards,PAID,Mon Nov 20 2023 01:00:00 GMT-0500 (Eastern Standard Time),Mon Nov 20 2023 01:00:00 GMT-0500 (Eastern Standard Time),-25,98.8699999999999,155.93000000000023
,Credit Cards,PAID,Mon Nov 20 2023 01:00:00 GMT-0500 (Eastern Standard Time),Mon Nov 20 2023 01:00:00 GMT-0500 (Eastern Standard Time),-25,73.8699999999999,130.93000000000023
,11/17/2023 - 11/30/2023,Extra Money Left Over : ,,,,,130.93000000000023
,Income: Paycheck,,Fri Dec 01 2023 01:00:00 GMT-0500 (Eastern Standard Time),Fri Dec 01 2023 01:00:00 GMT-0500 (Eastern Standard Time),1449.54,1449.54,1580.4700000000003
,Groceries,,,,-137.55,1311.99,1442.9200000000003
,Cigarettes,,,,-31.08,1280.91,1411.8400000000004
,Gas,,,,-25.05,1255.8600000000001,1386.7900000000004
,Entertainment,,,,0,1255.8600000000001,1386.7900000000004
,Medical,,,,0,1255.8600000000001,1386.7900000000004
,Vehicle,,,,0,1255.8600000000001,1386.7900000000004
,Maintenance,,,,0,1255.8600000000001,1386.7900000000004
,Debt,,,,0,1255.8600000000001,1386.7900000000004
,Rent,PAID,Fri Dec 01 2023 01:00:00 GMT-0500 (Eastern Standard Time),Fri Dec 01 2023 01:00:00 GMT-0500 (Eastern Standard Time),-931.77,324.09000000000015,455.02000000000044
,Debt,PAID - MDG,Sat Dec 02 2023 01:00:00 GMT-0500 (Eastern Standard Time),Sat Dec 02 2023 01:00:00 GMT-0500 (Eastern Standard Time),-48.47,275.6200000000001,406.5500000000004
,Entertainment,PAID - Funimation,Sat Dec 02 2023 01:00:00 GMT-0500 (Eastern Standard Time),Sat Dec 02 2023 01:00:00 GMT-0500 (Eastern Standard Time),-8.39,267.23000000000013,398.1600000000004
,Entertainment,PAID - Subscription - Video,Tue Dec 12 2023 01:00:00 GMT-0500 (Eastern Standard Time),Tue Dec 12 2023 01:00:00 GMT-0500 (Eastern Standard Time),-15.04,252.19000000000014,383.1200000000004
,Entertainment,PAID - Nexus Mods,Sat Dec 02 2023 01:00:00 GMT-0500 (Eastern Standard Time),Sat Dec 02 2023 01:00:00 GMT-0500 (Eastern Standard Time),-6.36,245.83000000000013,376.7600000000004
,XFinity,PAID,Sat Dec 02 2023 01:00:00 GMT-0500 (Eastern Standard Time),Sat Dec 02 2023 01:00:00 GMT-0500 (Eastern Standard Time),-80.75,165.08000000000013,296.0100000000004
,MPU (Electric Bill),PAID,Sat Dec 02 2023 01:00:00 GMT-0500 (Eastern Standard Time),Sat Dec 02 2023 01:00:00 GMT-0500 (Eastern Standard Time),-66.87,98.21000000000012,229.14000000000038
,Renter's Insurance,PAID,Sat Dec 02 2023 01:00:00 GMT-0500 (Eastern Standard Time),Sat Dec 02 2023 01:00:00 GMT-0500 (Eastern Standard Time),-19.17,79.04000000000012,209.97000000000037
,Car Insurance,PAID,Sat Dec 02 2023 01:00:00 GMT-0500 (Eastern Standard Time),Sat Dec 02 2023 01:00:00 GMT-0500 (Eastern Standard Time),-81.43,-2.389999999999887,128.54000000000036
,Above Lending,PENDING,Mon Dec 04 2023 01:00:00 GMT-0500 (Eastern Standard Time),Mon Dec 04 2023 01:00:00 GMT-0500 (Eastern Standard Time),-86.95,-89.33999999999989,41.59000000000036
,WPS (Gas Bill),$17.30 Credit,Thu Dec 14 2023 01:00:00 GMT-0500 (Eastern Standard Time),Thu Dec 14 2023 01:00:00 GMT-0500 (Eastern Standard Time),0,-89.33999999999989,41.59000000000036
,12/01/2023 - 12/14/2023,Extra Money Left Over : ,,,,,41.59000000000036
,Income: Paycheck,,Fri Dec 15 2023 01:00:00 GMT-0500 (Eastern Standard Time),Fri Dec 15 2023 01:00:00 GMT-0500 (Eastern Standard Time),1835.71,1835.71,1877.3000000000004
,Groceries,,,,-229.8,1605.91,1647.5000000000005
,Cigarettes,,,,-39.93,1565.98,1607.5700000000004
,Gas,,,,0,1565.98,1607.5700000000004
,Entertainment,,,,-65.08,1500.9,1542.4900000000005
,Medical,,,,-65,1435.9,1477.4900000000005
,Vehicle,,,,0,1435.9,1477.4900000000005
,Maintenance,,,,-200,1235.9,1277.4900000000005
,Debt,,,,0,1235.9,1277.4900000000005
,Holiday Gifts,,,,-459.33000000000004,776.57,818.1600000000004
,Haircut,,,,-25.27,751.3000000000001,792.8900000000004
,Debt,PAID - MDG,Fri Dec 15 2023 01:00:00 GMT-0500 (Eastern Standard Time),Fri Dec 15 2023 01:00:00 GMT-0500 (Eastern Standard Time),-48.47,702.83,744.4200000000004
,Subscription - Game,PAID - XBOX LIVE,Sun Dec 24 2023 01:00:00 GMT-0500 (Eastern Standard Time),Sun Dec 24 2023 01:00:00 GMT-0500 (Eastern Standard Time),-17.84,684.99,726.5800000000004
,US Cellular,PAID,Mon Dec 18 2023 01:00:00 GMT-0500 (Eastern Standard Time),Mon Dec 18 2023 01:00:00 GMT-0500 (Eastern Standard Time),-163.84,521.15,562.7400000000004
,Planet Fitness,PAID,Mon Dec 18 2023 01:00:00 GMT-0500 (Eastern Standard Time),Mon Dec 18 2023 01:00:00 GMT-0500 (Eastern Standard Time),-10,511.15,552.7400000000004
,Car Payment,PAID,Tue Dec 19 2023 01:00:00 GMT-0500 (Eastern Standard Time),Tue Dec 19 2023 01:00:00 GMT-0500 (Eastern Standard Time),-298.96,212.19,253.78000000000037
,Above Lending,PAID,Mon Dec 18 2023 01:00:00 GMT-0500 (Eastern Standard Time),Mon Dec 18 2023 01:00:00 GMT-0500 (Eastern Standard Time),-86.95,125.24,166.83000000000038
,Credit Cards,PAID - AMAZON,Mon Dec 18 2023 01:00:00 GMT-0500 (Eastern Standard Time),Mon Dec 18 2023 01:00:00 GMT-0500 (Eastern Standard Time),-50,75.24,116.83000000000038
,Credit Cards,PAID - MISSION LANE,Mon Dec 18 2023 01:00:00 GMT-0500 (Eastern Standard Time),Mon Dec 18 2023 01:00:00 GMT-0500 (Eastern Standard Time),-50,25.239999999999995,66.83000000000038
,12/15/2023 - 12/28/2023,Extra Money Left Over : ,,,,,66.83000000000038
,Income: Paycheck,Plus $311 cash on hand,Fri Dec 29 2023 01:00:00 GMT-0500 (Eastern Standard Time),Fri Dec 29 2023 01:00:00 GMT-0500 (Eastern Standard Time),1782.58,1782.58,1849.4100000000003
,Groceries,,,,-268.64,1513.94,1580.7700000000004
,Cigarettes,,,,-42.5,1471.44,1538.2700000000004
,Gas,,,,-24.64,1446.8,1513.6300000000003
,Entertainment,,,,-57.54,1389.26,1456.0900000000004
,Medical,,,,0,1389.26,1456.0900000000004
,Vehicle,,,,0,1389.26,1456.0900000000004
,Maintenance,,,,-20,1369.26,1436.0900000000004
,Debt,,,,0,1369.26,1436.0900000000004
,Holiday Gifts,,,,0,1369.26,1436.0900000000004
,Haircut,,,,0,1369.26,1436.0900000000004
,Debt,PAID - MDG,Fri Dec 29 2023 01:00:00 GMT-0500 (Eastern Standard Time),Fri Dec 29 2023 01:00:00 GMT-0500 (Eastern Standard Time),-48.47,1320.79,1387.6200000000003
,Subscription - Video,PAID - Funimation,Fri Dec 29 2023 01:00:00 GMT-0500 (Eastern Standard Time),Fri Dec 29 2023 01:00:00 GMT-0500 (Eastern Standard Time),-8.39,1312.3999999999999,1379.2300000000002
,XFinity,PAID,Fri Dec 29 2023 01:00:00 GMT-0500 (Eastern Standard Time),Fri Dec 29 2023 01:00:00 GMT-0500 (Eastern Standard Time),-80.75,1231.6499999999999,1298.4800000000002
,Renter's Insurance,PAID,Fri Dec 29 2023 01:00:00 GMT-0500 (Eastern Standard Time),Fri Dec 29 2023 01:00:00 GMT-0500 (Eastern Standard Time),-14.59,1217.06,1283.8900000000003
,Car Insurance,PAID,Fri Dec 29 2023 01:00:00 GMT-0500 (Eastern Standard Time),Fri Dec 29 2023 01:00:00 GMT-0500 (Eastern Standard Time),-81.46,1135.6,1202.4300000000003
,WPS (Gas Bill),"Next Month, Balance of $17.30",Fri Dec 29 2023 01:00:00 GMT-0500 (Eastern Standard Time),Fri Dec 29 2023 01:00:00 GMT-0500 (Eastern Standard Time),0,1135.6,1202.4300000000003
,MPU (Electric Bill),PAID,Fri Dec 29 2023 01:00:00 GMT-0500 (Eastern Standard Time),Fri Dec 29 2023 01:00:00 GMT-0500 (Eastern Standard Time),-62.47,1073.1299999999999,1139.9600000000003
,Rent,PAID,Sat Dec 30 2023 01:00:00 GMT-0500 (Eastern Standard Time),Sat Dec 30 2023 01:00:00 GMT-0500 (Eastern Standard Time),-929.76,143.3699999999999,210.20000000000027
,Above Lending,PAID,Tue Jan 02 2024 01:00:00 GMT-0500 (Eastern Standard Time),Tue Jan 02 2024 01:00:00 GMT-0500 (Eastern Standard Time),-86.95,56.41999999999989,123.25000000000027
,12/29/2023 - 1/11/2024,"Extra Money Left Over :
(Includes Cash on Hand)",,,,,123.25000000000027